Alleged deployer of AI system,risk_domain,Entity,Intent,deployer_category,developer_category,frequency,year,month,log_expected_loss
"[""youtube""]",1. Discrimination and Toxicity,AI,Unintentional,regulated_corporation,regulated_corporation,364,2015,5,5.537957874467924
"[""amazon""]","7. AI system safety, failures, and limitations",AI,Unintentional,regulated_corporation,regulated_corporation,364,2018,12,5.228972390475821
"[""boeing""]","7. AI system safety, failures, and limitations",AI,Unintentional,regulated_corporation,regulated_corporation,364,2018,10,5.228972390475821
"[""uber""]","7. AI system safety, failures, and limitations",AI,Unintentional,regulated_corporation,regulated_corporation,364,2018,3,5.228972390475821
"[""hospitals"",""doctors""]","7. AI system safety, failures, and limitations",AI,Unintentional,regulated_corporation,regulated_corporation,364,2015,7,5.228972390475821
"[""microsoft""]",1. Discrimination and Toxicity,AI,Unintentional,regulated_corporation,regulated_corporation,364,2016,3,5.537957874467922
"[""wikipedia""]","7. AI system safety, failures, and limitations",AI,Unintentional,open_source_community,open_source_community,7,2017,2,2.099879232325629
"[""uber""]","7. AI system safety, failures, and limitations",AI,Unintentional,regulated_corporation,regulated_corporation,364,2014,8,5.228972390475821
"[""new-york-city-dept.-of-education""]","7. AI system safety, failures, and limitations",Human,Intentional,public_agency,public_agency,101,2012,2,4.5356481905260555
"[""starbucks""]",5. Human-Computer Interaction,AI,Unintentional,regulated_corporation,open_source_community,364,2014,8,4.5775335985551
"[""northpointe""]",1. Discrimination and Toxicity,AI,Unintentional,regulated_corporation,regulated_corporation,364,2016,5,5.537957874467922
"[""microsoft-research"",""boston-university""]",1. Discrimination and Toxicity,AI,Unintentional,academic_lab,regulated_corporation,32,2016,7,2.506844628347424
"[""google""]",1. Discrimination and Toxicity,AI,Unintentional,regulated_corporation,regulated_corporation,364,2017,2,5.537957874467922
"[""google""]",1. Discrimination and Toxicity,AI,Unintentional,regulated_corporation,regulated_corporation,364,2017,10,5.537957874467922
"[""amazon""]",1. Discrimination and Toxicity,Human,Unintentional,regulated_corporation,regulated_corporation,364,2008,5,5.537957874467922
"[""google""]",1. Discrimination and Toxicity,AI,Unintentional,regulated_corporation,regulated_corporation,364,2015,6,5.537957874467922
"[""google""]","7. AI system safety, failures, and limitations",AI,Unintentional,regulated_corporation,regulated_corporation,364,2015,11,5.228972390475821
"[""google""]",1. Discrimination and Toxicity,AI,Unintentional,regulated_corporation,regulated_corporation,364,2015,4,5.537957874467922
"[""google""]",1. Discrimination and Toxicity,AI,Unintentional,regulated_corporation,regulated_corporation,364,2013,1,5.537957874467922
"[""tesla""]","7. AI system safety, failures, and limitations",AI,Unintentional,regulated_corporation,regulated_corporation,364,2016,6,5.228972390475821
"[""researchers""]","7. AI system safety, failures, and limitations",AI,Unintentional,academic_lab,academic_lab,32,2016,7,3.5586897390554655
"[""google""]","7. AI system safety, failures, and limitations",AI,Unintentional,regulated_corporation,regulated_corporation,364,2017,12,5.228972390475821
"[""navya"",""keolis-north-america""]","7. AI system safety, failures, and limitations",Human,Unintentional,unregulated_startup,regulated_corporation,76,2017,11,1.5278915676210554
"[""volkswagen""]","7. AI system safety, failures, and limitations",Human,Unintentional,regulated_corporation,regulated_corporation,364,2014,7,5.228972390475821
"[""google"",""delphi-technologies""]","7. AI system safety, failures, and limitations",AI,Unintentional,regulated_corporation,regulated_corporation,364,2015,5,5.228972390475821
"[""apple""]",2. Privacy & Security,Human,Intentional,regulated_corporation,regulated_corporation,364,2017,9,5.6231548999827705
"[""soviet-union""]","7. AI system safety, failures, and limitations",Human,Unintentional,public_agency,open_source_community,101,1983,9,4.541686514023718
"[""navinder-sarao"",""waddell-and-reed"",""barclays-capital""]","7. AI system safety, failures, and limitations",Human,Intentional,freelancer_or_individual,freelancer_or_individual,53,2010,5,3.8096643280021065
"[""united-states-government""]","7. AI system safety, failures, and limitations",AI,Unintentional,public_agency,public_agency,101,2011,9,4.5356481905260555
"[""tesla""]","7. AI system safety, failures, and limitations",Human,Unintentional,regulated_corporation,regulated_corporation,364,2016,10,5.228972390475821
"[""delhi-metro-rail-corporation""]","7. AI system safety, failures, and limitations",Human,Unintentional,public_agency,freelancer_or_individual,101,2017,12,4.454578629872398
"[""apple""]",2. Privacy & Security,AI,Unintentional,regulated_corporation,regulated_corporation,364,2017,9,5.6231548999827705
"[""amazon""]","7. AI system safety, failures, and limitations",AI,Unintentional,regulated_corporation,regulated_corporation,364,2017,11,5.228972390475821
"[""amazon""]",5. Human-Computer Interaction,AI,Unintentional,regulated_corporation,regulated_corporation,364,2015,12,5.202311628313143
"[""unknown""]","7. AI system safety, failures, and limitations",AI,Unintentional,freelancer_or_individual,freelancer_or_individual,53,2014,10,3.8096643280021065
"[""ningbo-traffic-police""]","7. AI system safety, failures, and limitations",AI,Unintentional,public_agency,public_agency,101,2018,11,4.5356481905260555
"[""amazon""]",1. Discrimination and Toxicity,AI,Unintentional,regulated_corporation,regulated_corporation,364,2016,8,5.537957874467922
"[""frontier-development""]","7. AI system safety, failures, and limitations",AI,Unintentional,unregulated_startup,unregulated_startup,76,2016,6,3.774347910310237
"[""university-of-washington"",""fakeapp""]",3. Misinformation,Human,Intentional,academic_lab,academic_lab,32,2017,7,3.6864868843898924
"[""equivant""]",1. Discrimination and Toxicity,AI,Unintentional,regulated_corporation,regulated_corporation,364,2016,5,5.537957874467922
"[""mit-media-lab""]","7. AI system safety, failures, and limitations",Human,Intentional,academic_lab,academic_lab,32,2018,4,3.5586897390554655
"[""national-resident-matching-program""]",5. Human-Computer Interaction,Human,Intentional,public_agency,public_agency,101,1996,4,4.509091375065256
"[""st-george's-hospital-medical-school""]",1. Discrimination and Toxicity,AI,Unintentional,academic_lab,freelancer_or_individual,32,1998,3,3.7624251301922897
"[""usc-information-sciences-institute""]",5. Human-Computer Interaction,AI,Unintentional,academic_lab,academic_lab,32,2008,7,3.532477132764642
"[""google""]",3. Misinformation,AI,Unintentional,regulated_corporation,regulated_corporation,364,2011,4,5.358791362346466
"[""nest-labs""]","7. AI system safety, failures, and limitations",AI,Unintentional,regulated_corporation,regulated_corporation,364,2014,1,5.228972390475821
"[""linkedin""]",1. Discrimination and Toxicity,AI,Unintentional,regulated_corporation,regulated_corporation,364,2016,9,5.537957874467922
"[""new-zealand""]",1. Discrimination and Toxicity,AI,Unintentional,public_agency,unregulated_startup,101,2016,12,4.504761472425569
"[""youth-laboratories""]",1. Discrimination and Toxicity,AI,Unintentional,unregulated_startup,unregulated_startup,76,2016,9,4.079971702480274
"[""the-dao""]",2. Privacy & Security,Human,Intentional,open_source_community,open_source_community,7,2016,6,2.4663001131228
"[""stanford-shopping-center""]","7. AI system safety, failures, and limitations",AI,Unintentional,academic_lab,unregulated_startup,32,2016,7,3.242262626065278
"[""tesla""]",5. Human-Computer Interaction,Human,Unintentional,regulated_corporation,regulated_corporation,364,2016,7,5.202311628313143
"[""google""]",1. Discrimination and Toxicity,AI,Unintentional,regulated_corporation,regulated_corporation,364,2016,3,5.537957874467922
"[""predpol"",""oakland-police-department""]",1. Discrimination and Toxicity,AI,Unintentional,unregulated_startup,unregulated_startup,76,2015,11,4.079971702480274
"[""amazon""]",1. Discrimination and Toxicity,AI,Unintentional,regulated_corporation,regulated_corporation,364,2016,12,5.537957874467922
"[""my_handy_design""]","7. AI system safety, failures, and limitations",AI,Unintentional,unregulated_startup,freelancer_or_individual,76,2017,7,4.064508274010254
"[""australian-department-of-human-services""]","7. AI system safety, failures, and limitations",Human,Intentional,public_agency,public_agency,101,2015,7,4.5356481905260555
"[""yandex""]",1. Discrimination and Toxicity,AI,Unintentional,regulated_corporation,regulated_corporation,364,2017,10,5.537957874467922
"[""google""]",1. Discrimination and Toxicity,AI,Unintentional,regulated_corporation,regulated_corporation,364,2017,4,5.537957874467922
"[""faceapp""]",1. Discrimination and Toxicity,AI,Unintentional,unregulated_startup,unregulated_startup,76,2017,4,4.079971702480274
"[""individual-kaggle-competitors""]","7. AI system safety, failures, and limitations",AI,Unintentional,freelancer_or_individual,freelancer_or_individual,53,2017,5,3.8096643280021065
"[""janelle-shane""]","7. AI system safety, failures, and limitations",AI,Unintentional,freelancer_or_individual,freelancer_or_individual,53,2017,12,3.8096643280021065
"[""google""]","7. AI system safety, failures, and limitations",AI,Unintentional,regulated_corporation,regulated_corporation,364,2018,1,5.228972390475821
"[""heriot-watt-university"",""margiotta""]","7. AI system safety, failures, and limitations",AI,Unintentional,academic_lab,academic_lab,32,2018,1,3.5586897390554655
"[""openai""]","7. AI system safety, failures, and limitations",AI,Unintentional,regulated_corporation,regulated_corporation,364,2016,12,5.228972390475821
"[""tencent-holdings""]","7. AI system safety, failures, and limitations",AI,Unintentional,regulated_corporation,regulated_corporation,364,2017,8,5.228972390475821
"[""tesla"",""motorist""]",5. Human-Computer Interaction,Human,Intentional,regulated_corporation,regulated_corporation,364,2018,12,5.202311628313143
"[""knightscope""]","7. AI system safety, failures, and limitations",AI,Unintentional,regulated_corporation,unregulated_startup,364,2017,7,0.3575483612357528
"[""skh-metals""]","7. AI system safety, failures, and limitations",AI,Unintentional,unregulated_startup,freelancer_or_individual,76,2015,7,4.064508274010254
"[""volvo""]","7. AI system safety, failures, and limitations",AI,Unintentional,regulated_corporation,regulated_corporation,364,2016,2,5.228972390475821
"[""google""]","7. AI system safety, failures, and limitations",AI,Unintentional,regulated_corporation,regulated_corporation,364,2016,9,5.228972390475821
"[""facebook""]","7. AI system safety, failures, and limitations",AI,Unintentional,regulated_corporation,regulated_corporation,364,2017,10,5.228972390475821
"[""niantic-labs""]",1. Discrimination and Toxicity,AI,Unintentional,regulated_corporation,regulated_corporation,364,2016,3,5.537957874467922
"[""detroit-police-department""]",1. Discrimination and Toxicity,AI,Unintentional,public_agency,unregulated_startup,101,2020,1,4.504761472425569
"[""google""]",1. Discrimination and Toxicity,AI,Unintentional,regulated_corporation,regulated_corporation,364,2012,1,5.537957874467922
"[""buenos-aires-city-government""]",2. Privacy & Security,Human,Unintentional,public_agency,freelancer_or_individual,101,2020,10,4.847295084747077
"[""knightscope""]","7. AI system safety, failures, and limitations",AI,Unintentional,regulated_corporation,unregulated_startup,364,2019,10,0.3575483612357528
"[""international-baccalaurette""]","7. AI system safety, failures, and limitations",AI,Unintentional,public_agency,open_source_community,101,2020,7,4.541686514023718
"[""chronic-kidney-disease-epidemiology-collaboration""]",1. Discrimination and Toxicity,Human,Unintentional,academic_lab,academic_lab,32,1999,3,3.8632556531810835
"[""inverness-caledonian-thistle-football-club""]","7. AI system safety, failures, and limitations",AI,Unintentional,unregulated_startup,freelancer_or_individual,76,2020,10,4.064508274010254
"[""facebook""]",3. Misinformation,AI,Unintentional,regulated_corporation,regulated_corporation,364,2020,10,5.358791362346466
"[""yahoo"",""outlook"",""laposte"",""gmx"",""gmail""]",1. Discrimination and Toxicity,AI,Unintentional,regulated_corporation,regulated_corporation,364,2020,10,5.537957874467922
"[""facebook""]","7. AI system safety, failures, and limitations",AI,Unintentional,regulated_corporation,regulated_corporation,364,2020,10,5.228972390475821
"[""openai""]","7. AI system safety, failures, and limitations",AI,Unintentional,regulated_corporation,regulated_corporation,364,2020,10,5.228972390475821
"[""irish-department-of-education-and-skills""]","7. AI system safety, failures, and limitations",AI,Unintentional,public_agency,public_agency,101,2020,10,4.5356481905260555
"[""uk-home-office""]",1. Discrimination and Toxicity,AI,Unintentional,public_agency,public_agency,101,2020,10,4.84361050004615
"[""google""]",1. Discrimination and Toxicity,Human,Intentional,regulated_corporation,regulated_corporation,364,2017,8,5.537957874467922
"[""youtube""]",1. Discrimination and Toxicity,AI,Unintentional,regulated_corporation,regulated_corporation,364,2019,3,5.537957874467922
"[""stanford-medical-center""]",1. Discrimination and Toxicity,AI,Unintentional,academic_lab,academic_lab,32,2020,12,3.8632556531810835
"[""goldman-sachs""]",1. Discrimination and Toxicity,AI,Unintentional,regulated_corporation,regulated_corporation,364,2019,11,5.537957874467922
"[""facebook""]",1. Discrimination and Toxicity,AI,Unintentional,regulated_corporation,regulated_corporation,364,2018,8,5.537957874467922
"[""deliveroo""]",1. Discrimination and Toxicity,AI,Unintentional,unregulated_startup,regulated_corporation,76,2020,11,1.7956682427651083
"[""hirevue""]",1. Discrimination and Toxicity,AI,Intentional,regulated_corporation,regulated_corporation,364,2019,11,5.537957874467922
"[""houston-independent-school-district""]","7. AI system safety, failures, and limitations",AI,Unintentional,public_agency,regulated_corporation,101,2017,5,2.6913348121172347
"[""tesla""]","7. AI system safety, failures, and limitations",AI,Unintentional,regulated_corporation,regulated_corporation,364,2020,10,5.228972390475821
"[""new-york-city-police-department""]",5. Human-Computer Interaction,Human,Unintentional,public_agency,regulated_corporation,101,2021,4,2.6658839053470507
"[""university-of-massachusetts-amherst"",""university-of-wisconsin-milwaukee"",""university-of-houston"",""texas-aandm-university"",""georgia-state-university"",""more-than-500-colleges""]",1. Discrimination and Toxicity,AI,Unintentional,academic_lab,unregulated_startup,32,2012,1,3.5447956009710757
"[""dutch-tax-authority""]",1. Discrimination and Toxicity,Other,Unintentional,public_agency,freelancer_or_individual,101,2018,9,4.762368059955885
"[""microsoft"",""ibm"",""google"",""apple"",""amazon""]",1. Discrimination and Toxicity,AI,Unintentional,regulated_corporation,regulated_corporation,364,2020,3,5.537957874467922
"[""twitter""]",1. Discrimination and Toxicity,AI,Unintentional,regulated_corporation,regulated_corporation,364,2020,9,5.537957874467922
"[""california-department-of-public-health""]",1. Discrimination and Toxicity,AI,Unintentional,public_agency,regulated_corporation,101,2021,2,2.9883393951165784
"[""tesla""]","7. AI system safety, failures, and limitations",AI,Unintentional,regulated_corporation,regulated_corporation,364,2019,8,5.228972390475821
"[""facebook-messenger""]",1. Discrimination and Toxicity,AI,Unintentional,regulated_corporation,unregulated_startup,364,2020,12,0.5245171426002329
"[""none""]",1. Discrimination and Toxicity,Human,Intentional,freelancer_or_individual,regulated_corporation,53,2018,7,2.3310746337918915
"[""riverside-arena-skating-rink""]",1. Discrimination and Toxicity,AI,Unintentional,unregulated_startup,freelancer_or_individual,76,2021,7,4.371237880005895
"[""pimeyes""]",2. Privacy & Security,Human,Intentional,unregulated_startup,unregulated_startup,76,2017,1,4.164408841230285
"[""arkansas-department-of-human-services""]","7. AI system safety, failures, and limitations",AI,Unintentional,public_agency,open_source_community,101,2016,1,4.541686514023718
"[""amazon-flex""]",5. Human-Computer Interaction,AI,Intentional,regulated_corporation,regulated_corporation,364,2015,9,5.202311628313143
"[""troy-police-department"",""syracuse-police-department"",""san-francisco-police-department"",""san-antonio-police-department"",""new-york-city-police-department"",""fall-river-police-department"",""chicago-police-department""]","7. AI system safety, failures, and limitations",AI,Unintentional,public_agency,regulated_corporation,101,2012,10,2.6913348121172347
"[""facebook""]",1. Discrimination and Toxicity,AI,Unintentional,regulated_corporation,regulated_corporation,364,2020,6,5.537957874467922
"[""amazon""]",1. Discrimination and Toxicity,AI,Unintentional,regulated_corporation,regulated_corporation,364,2018,7,5.537957874467922
"[""genderify""]",1. Discrimination and Toxicity,AI,Unintentional,unregulated_startup,open_source_community,76,2020,7,4.467903350044729
"[""amazon""]","7. AI system safety, failures, and limitations",AI,Unintentional,regulated_corporation,unregulated_startup,364,2021,9,0.3575483612357528
"[""tiktok""]",1. Discrimination and Toxicity,AI,Unintentional,regulated_corporation,regulated_corporation,364,2020,2,5.537957874467922
"[""openai""]",1. Discrimination and Toxicity,AI,Unintentional,regulated_corporation,regulated_corporation,364,2020,8,5.537957874467922
"[""unknown""]",5. Human-Computer Interaction,AI,Unintentional,freelancer_or_individual,open_source_community,53,2020,9,3.8704084129947995
"[""facebook""]",2. Privacy & Security,AI,Unintentional,regulated_corporation,regulated_corporation,364,2015,6,5.6231548999827705
"[""university-of-michigan-hospital""]","7. AI system safety, failures, and limitations",AI,Unintentional,academic_lab,regulated_corporation,32,2021,8,2.217798280669042
"[""unnamed-large-academic-hospital""]",1. Discrimination and Toxicity,AI,Unintentional,academic_lab,regulated_corporation,32,2019,10,2.506844628347424
"[""amazon""]","7. AI system safety, failures, and limitations",AI,Unintentional,regulated_corporation,regulated_corporation,364,2020,9,5.228972390475821
"[""ocado""]","7. AI system safety, failures, and limitations",AI,Unintentional,regulated_corporation,regulated_corporation,364,2021,7,5.228972390475821
"[""microsoft"",""msn.com""]",1. Discrimination and Toxicity,Human,Intentional,regulated_corporation,regulated_corporation,364,2020,6,5.537957874467922
"[""tesla""]","7. AI system safety, failures, and limitations",AI,Unintentional,regulated_corporation,regulated_corporation,364,2017,8,5.228972390475821
"[""facebook""]","7. AI system safety, failures, and limitations",AI,Unintentional,regulated_corporation,regulated_corporation,364,2021,3,5.228972390475821
"[""california-bar's-committee-of-bar-examiners""]",1. Discrimination and Toxicity,AI,Unintentional,public_agency,regulated_corporation,101,2020,12,2.9883393951165784
"[""tiktok""]",1. Discrimination and Toxicity,AI,Unintentional,regulated_corporation,regulated_corporation,364,2020,12,5.537957874467922
"[""tiktok""]",1. Discrimination and Toxicity,AI,Unintentional,regulated_corporation,regulated_corporation,364,2020,12,5.537957874467922
"[""university-of-texas-at-austin's-department-of-computer-science""]",1. Discrimination and Toxicity,Human,Intentional,academic_lab,academic_lab,32,2012,12,3.8632556531810835
"[""brand-safety-tech-firms""]","7. AI system safety, failures, and limitations",AI,Unintentional,unregulated_startup,freelancer_or_individual,76,2020,12,4.064508274010254
"[""israeli-tax-authority""]","7. AI system safety, failures, and limitations",AI,Intentional,public_agency,public_agency,101,2021,1,4.5356481905260555
"[""university-of-illinois""]",1. Discrimination and Toxicity,AI,Unintentional,academic_lab,regulated_corporation,32,2020,1,2.506844628347424
"[""amazon""]",3. Misinformation,AI,Unintentional,regulated_corporation,regulated_corporation,364,2021,1,5.358791362346466
"[""university-of-toronto""]",1. Discrimination and Toxicity,AI,Unintentional,academic_lab,regulated_corporation,32,2020,6,2.506844628347424
"[""instagram""]","7. AI system safety, failures, and limitations",Human,Intentional,regulated_corporation,regulated_corporation,364,2021,2,5.228972390475821
"[""facebook"",""instagram""]",1. Discrimination and Toxicity,AI,Unintentional,regulated_corporation,regulated_corporation,364,2021,2,5.537957874467922
"[""facebook"",""twitter""]",1. Discrimination and Toxicity,AI,Unintentional,regulated_corporation,regulated_corporation,364,2021,2,5.537957874467922
"[""youtube""]","7. AI system safety, failures, and limitations",AI,Unintentional,regulated_corporation,regulated_corporation,364,2020,6,5.228972390475821
"[""tesla""]","7. AI system safety, failures, and limitations",AI,Unintentional,regulated_corporation,regulated_corporation,364,2021,7,5.228972390475821
"[""allen-institute-for-ai""]","7. AI system safety, failures, and limitations",AI,Unintentional,academic_lab,academic_lab,32,2021,10,3.5586897390554655
"[""zillow""]","7. AI system safety, failures, and limitations",AI,Unintentional,regulated_corporation,regulated_corporation,364,2021,11,5.228972390475821
"[""natural-cycles""]","7. AI system safety, failures, and limitations",AI,Unintentional,unregulated_startup,unregulated_startup,76,2018,7,3.774347910310237
"[""pony.ai""]","7. AI system safety, failures, and limitations",AI,Unintentional,regulated_corporation,unregulated_startup,364,2021,10,0.3575483612357528
"[""softbank""]","7. AI system safety, failures, and limitations",AI,Unintentional,regulated_corporation,regulated_corporation,364,2021,7,5.228972390475821
"[""tesla""]","7. AI system safety, failures, and limitations",AI,Unintentional,regulated_corporation,regulated_corporation,364,2019,12,5.228972390475821
"[""us-department-of-justice""]",1. Discrimination and Toxicity,AI,Unintentional,public_agency,public_agency,101,2022,1,4.84361050004615
"[""google-maps""]","7. AI system safety, failures, and limitations",AI,Unintentional,regulated_corporation,regulated_corporation,364,2021,12,5.228972390475821
"[""amazon""]",5. Human-Computer Interaction,Human,Intentional,regulated_corporation,regulated_corporation,364,2022,2,5.202311628313143
"[""amazon""]",5. Human-Computer Interaction,Human,Unintentional,regulated_corporation,regulated_corporation,364,2021,3,5.202311628313143
"[""tesla""]","7. AI system safety, failures, and limitations",AI,Unintentional,regulated_corporation,regulated_corporation,364,2019,3,5.228972390475821
"[""amazon""]","7. AI system safety, failures, and limitations",AI,Unintentional,regulated_corporation,regulated_corporation,364,2021,12,5.228972390475821
"[""facebook""]",1. Discrimination and Toxicity,AI,Unintentional,regulated_corporation,regulated_corporation,364,2019,4,5.537957874467922
"[""ets""]","7. AI system safety, failures, and limitations",Human,Intentional,unregulated_startup,open_source_community,76,2014,1,4.16087218965069
"[""facebook""]",1. Discrimination and Toxicity,Human,Intentional,regulated_corporation,regulated_corporation,364,2021,11,5.537957874467922
"[""facebook""]",3. Misinformation,AI,Unintentional,regulated_corporation,regulated_corporation,364,2018,10,5.358791362346466
"[""duke-researchers""]",1. Discrimination and Toxicity,AI,Unintentional,academic_lab,academic_lab,32,2020,6,3.8632556531810835
"[""giggle""]",1. Discrimination and Toxicity,Human,Intentional,unregulated_startup,unregulated_startup,76,2020,2,4.079971702480274
"[""michal-kosinski"",""yilun-wang""]",2. Privacy & Security,Human,Intentional,academic_lab,academic_lab,32,2017,9,3.9474530173269353
"[""facebook"",""linkedin"",""youtube"",""twitter"",""netflix""]",1. Discrimination and Toxicity,AI,Unintentional,regulated_corporation,regulated_corporation,364,2022,3,5.537957874467922
"[""facebook"",""meta""]",1. Discrimination and Toxicity,AI,Unintentional,regulated_corporation,regulated_corporation,364,2018,8,5.537957874467922
"[""target""]",2. Privacy & Security,AI,Intentional,unregulated_startup,unregulated_startup,76,2003,6,4.164408841230285
"[""appriss"",""narxcare"",""avertd""]","7. AI system safety, failures, and limitations",AI,Unintentional,regulated_corporation,regulated_corporation,364,2020,7,5.228972390475821
"[""cruise""]","7. AI system safety, failures, and limitations",AI,Unintentional,regulated_corporation,regulated_corporation,364,2022,4,5.228972390475821
"[""oregon-state-university""]","7. AI system safety, failures, and limitations",AI,Unintentional,academic_lab,unregulated_startup,32,2022,3,3.242262626065278
"[""google-docs""]",5. Human-Computer Interaction,AI,Intentional,regulated_corporation,regulated_corporation,364,2022,4,5.202311628313143
"[""tesla""]","7. AI system safety, failures, and limitations",AI,Unintentional,regulated_corporation,regulated_corporation,364,2022,4,5.228972390475821
"[""openai""]",1. Discrimination and Toxicity,AI,Intentional,regulated_corporation,regulated_corporation,364,2022,4,5.537957874467922
"[""malaysian-judiciary"",""malaysian-courts""]",5. Human-Computer Interaction,Human,Intentional,public_agency,public_agency,101,2020,2,4.509091375065256
"[""cruise""]","7. AI system safety, failures, and limitations",Human,Unintentional,regulated_corporation,regulated_corporation,364,2022,2,5.228972390475821
"[""cruise""]","7. AI system safety, failures, and limitations",Human,Unintentional,regulated_corporation,regulated_corporation,364,2018,6,5.228972390475821
"[""airbnb""]",1. Discrimination and Toxicity,AI,Intentional,regulated_corporation,regulated_corporation,364,2017,7,5.537957874467922
"[""companhia-do-metropolitano-de-sao-paulo""]",2. Privacy & Security,Human,Intentional,public_agency,unregulated_startup,101,2018,4,4.589541433641435
"[""tiktok""]",3. Misinformation,AI,Unintentional,regulated_corporation,regulated_corporation,364,2022,3,5.358791362346466
"[""spanish-ministry-of-interior""]","7. AI system safety, failures, and limitations",AI,Unintentional,public_agency,public_agency,101,2007,7,4.5356481905260555
"[""salta-city-government""]",1. Discrimination and Toxicity,Human,Intentional,public_agency,regulated_corporation,101,2018,4,2.9883393951165784
"[""uk-department-of-work-and-pensions""]",1. Discrimination and Toxicity,Human,Intentional,public_agency,regulated_corporation,101,2019,10,2.9883393951165784
"[""bytedance""]",2. Privacy & Security,Human,Intentional,regulated_corporation,regulated_corporation,364,2017,1,5.6231548999827705
"[""estee-lauder""]",5. Human-Computer Interaction,AI,Unintentional,regulated_corporation,regulated_corporation,364,2022,3,5.202311628313143
"[""target""]",2. Privacy & Security,Human,Unintentional,unregulated_startup,regulated_corporation,76,2013,11,1.871329978736919
"[""pakistan-national-database-and-registration-authority""]",5. Human-Computer Interaction,Human,Intentional,public_agency,public_agency,101,2013,9,4.509091375065256
"[""facebook""]","7. AI system safety, failures, and limitations",AI,Unintentional,regulated_corporation,regulated_corporation,364,2021,10,5.228972390475821
"[""ever-ai""]",2. Privacy & Security,Human,Intentional,unregulated_startup,unregulated_startup,76,2019,4,4.164408841230285
"[""extinction-rebellion-belgium""]",3. Misinformation,Human,Intentional,open_source_community,freelancer_or_individual,7,2020,4,2.1498785021862408
"[""uber""]","7. AI system safety, failures, and limitations",AI,Intentional,regulated_corporation,regulated_corporation,364,2022,2,5.228972390475821
"[""zhihu""]",2. Privacy & Security,Human,Intentional,regulated_corporation,regulated_corporation,364,2022,2,5.6231548999827705
"[""tinder""]",1. Discrimination and Toxicity,AI,Intentional,unregulated_startup,regulated_corporation,76,2015,3,1.7956682427651083
"[""honolulu-police-department""]",5. Human-Computer Interaction,Human,Intentional,public_agency,regulated_corporation,101,2021,1,2.6658839053470507
"[""tesla""]","7. AI system safety, failures, and limitations",AI,Unintentional,regulated_corporation,regulated_corporation,364,2021,5,5.228972390475821
"[""tesla""]","7. AI system safety, failures, and limitations",AI,Intentional,regulated_corporation,regulated_corporation,364,2020,10,5.228972390475821
"[""taxis-g7""]","7. AI system safety, failures, and limitations",AI,Unintentional,regulated_corporation,regulated_corporation,364,2021,12,5.228972390475821
"[""xpeng-motors""]",2. Privacy & Security,Human,Intentional,regulated_corporation,freelancer_or_individual,364,2021,1,4.664353859988363
"[""facebook""]","7. AI system safety, failures, and limitations",AI,Unintentional,regulated_corporation,regulated_corporation,364,2020,7,5.228972390475821
"[""lockport-city-school-district""]",1. Discrimination and Toxicity,AI,Unintentional,public_agency,unregulated_startup,101,2020,1,4.504761472425569
"[""facebook""]","7. AI system safety, failures, and limitations",Human,Intentional,regulated_corporation,regulated_corporation,364,2020,4,5.228972390475821
"[""wechat""]",1. Discrimination and Toxicity,AI,Unintentional,regulated_corporation,regulated_corporation,364,2017,10,5.537957874467922
"[""evolver""]","7. AI system safety, failures, and limitations",AI,Unintentional,unregulated_startup,open_source_community,76,2016,11,4.16087218965069
"[""tesla""]","7. AI system safety, failures, and limitations",AI,Unintentional,regulated_corporation,regulated_corporation,364,2020,6,5.228972390475821
"[""facebook""]","7. AI system safety, failures, and limitations",AI,Unintentional,regulated_corporation,regulated_corporation,364,2020,11,5.228972390475821
"[""tesla""]","7. AI system safety, failures, and limitations",AI,Unintentional,regulated_corporation,regulated_corporation,364,2022,3,5.228972390475821
"[""satria-technologies""]",1. Discrimination and Toxicity,AI,Unintentional,unregulated_startup,regulated_corporation,76,2020,7,1.7956682427651083
"[""hive-box""]",2. Privacy & Security,Human,Intentional,unregulated_startup,open_source_community,76,2019,10,4.552658995650061
"[""wechat-pay""]",2. Privacy & Security,Human,Intentional,regulated_corporation,regulated_corporation,364,2020,7,5.6231548999827705
"[""jupiter-hospital"",""memorial-sloan-kettering""]","7. AI system safety, failures, and limitations",AI,Unintentional,regulated_corporation,regulated_corporation,364,2017,4,5.228972390475821
"[""waze""]","7. AI system safety, failures, and limitations",AI,Unintentional,regulated_corporation,regulated_corporation,364,2015,4,5.228972390475821
"[""waze""]","7. AI system safety, failures, and limitations",AI,Unintentional,regulated_corporation,regulated_corporation,364,2018,1,5.228972390475821
"[""apple""]","7. AI system safety, failures, and limitations",AI,Unintentional,regulated_corporation,regulated_corporation,364,2019,2,5.228972390475821
"[""youtube""]",1. Discrimination and Toxicity,AI,Unintentional,regulated_corporation,regulated_corporation,364,2018,4,5.537957874467922
"[""tesla""]","7. AI system safety, failures, and limitations",AI,Unintentional,regulated_corporation,regulated_corporation,364,2019,3,5.228972390475821
"[""tesla""]","7. AI system safety, failures, and limitations",AI,Unintentional,regulated_corporation,regulated_corporation,364,2016,1,5.228972390475821
"[""tesla""]","7. AI system safety, failures, and limitations",AI,Unintentional,regulated_corporation,regulated_corporation,364,2018,4,5.228972390475821
"[""tumblr""]","7. AI system safety, failures, and limitations",AI,Unintentional,unregulated_startup,regulated_corporation,76,2018,12,1.5278915676210554
"[""waze""]","7. AI system safety, failures, and limitations",AI,Unintentional,regulated_corporation,regulated_corporation,364,2019,9,5.228972390475821
"[""ping-an""]",1. Discrimination and Toxicity,Human,Intentional,regulated_corporation,regulated_corporation,364,2016,4,5.537957874467922
"[""oregon-department-of-human-services""]",1. Discrimination and Toxicity,AI,Unintentional,public_agency,public_agency,101,2018,10,4.84361050004615
"[""intensive-partnerships-for-effective-teaching""]",1. Discrimination and Toxicity,AI,Unintentional,academic_lab,unregulated_startup,32,2009,9,3.5447956009710757
"[""github"",""programmers""]","7. AI system safety, failures, and limitations",AI,Unintentional,open_source_community,open_source_community,7,2021,6,2.099879232325629
"[""chakan-plant-of-automotive-stampings-and-assemblies""]","7. AI system safety, failures, and limitations",AI,Unintentional,regulated_corporation,freelancer_or_individual,364,2021,2,4.272182170666198
"[""contra-costa-county-sheriff""]","7. AI system safety, failures, and limitations",AI,Unintentional,public_agency,unregulated_startup,101,2018,11,4.197622770164779
"[""castricum-municipality""]","7. AI system safety, failures, and limitations",Human,Intentional,public_agency,public_agency,101,2016,2,4.5356481905260555
"[""cruise""]","7. AI system safety, failures, and limitations",AI,Unintentional,regulated_corporation,regulated_corporation,364,2022,5,5.228972390475821
"[""google""]",2. Privacy & Security,AI,Unintentional,regulated_corporation,regulated_corporation,364,2015,5,5.6231548999827705
"[""chicago-police-department""]","7. AI system safety, failures, and limitations",AI,Unintentional,public_agency,regulated_corporation,101,2020,5,2.6913348121172347
"[""chicago-police-department""]","7. AI system safety, failures, and limitations",AI,Unintentional,public_agency,regulated_corporation,101,2021,11,2.6913348121172347
"[""kansas-city-police-department"",""cleveland-division-of-police"",""chicago-police-department"",""atlanta-police-department""]",1. Discrimination and Toxicity,AI,Unintentional,public_agency,regulated_corporation,101,2012,5,2.9883393951165784
"[""yannic-kilcher""]",1. Discrimination and Toxicity,Human,Intentional,freelancer_or_individual,freelancer_or_individual,53,2022,6,4.115440548748267
"[""us-department-of-homeland-security"",""us-citizenship-and-immigration-services""]",1. Discrimination and Toxicity,Human,Intentional,public_agency,public_agency,101,2014,8,4.84361050004615
"[""society-for-the-prevention-of-cruelty-to-animals""]",1. Discrimination and Toxicity,Human,Intentional,public_agency,unregulated_startup,101,2017,11,4.504761472425569
"[""boris-dayma""]",1. Discrimination and Toxicity,AI,Unintentional,freelancer_or_individual,open_source_community,53,2022,6,4.2029092554300576
"[""youtube""]",1. Discrimination and Toxicity,AI,Unintentional,regulated_corporation,regulated_corporation,364,2015,9,5.537957874467922
"[""speedcam-anywhere""]",5. Human-Computer Interaction,Human,Unintentional,unregulated_startup,unregulated_startup,76,2022,3,3.748028230934884
"[""uber-eats""]",1. Discrimination and Toxicity,AI,Unintentional,regulated_corporation,regulated_corporation,364,2021,4,5.537957874467922
"[""replika""]",5. Human-Computer Interaction,Human,Intentional,unregulated_startup,unregulated_startup,76,2022,1,3.748028230934884
"[""clearview-ai""]",2. Privacy & Security,Human,Intentional,unregulated_startup,unregulated_startup,76,2017,6,4.164408841230285
"[""youtube"",""twitter"",""facebook""]","7. AI system safety, failures, and limitations",AI,Unintentional,regulated_corporation,regulated_corporation,364,2020,3,5.228972390475821
"[""tesla""]","7. AI system safety, failures, and limitations",AI,Unintentional,regulated_corporation,regulated_corporation,364,2022,7,5.228972390475821
"[""grab""]",1. Discrimination and Toxicity,AI,Intentional,regulated_corporation,unregulated_startup,364,2019,10,0.5245171426002329
"[""faceapp""]",1. Discrimination and Toxicity,AI,Unintentional,unregulated_startup,unregulated_startup,76,2020,12,4.079971702480274
"[""virginia-courts""]",1. Discrimination and Toxicity,Other,Unintentional,public_agency,public_agency,101,2003,7,4.84361050004615
"[""facebook""]",1. Discrimination and Toxicity,AI,Unintentional,regulated_corporation,regulated_corporation,364,2020,6,5.537957874467922
"[""meta""]",1. Discrimination and Toxicity,AI,Unintentional,regulated_corporation,regulated_corporation,364,2022,8,5.537957874467922
"[""tiktok""]",1. Discrimination and Toxicity,AI,Unintentional,regulated_corporation,regulated_corporation,364,2019,7,5.537957874467922
"[""coffee-meets-bagel""]",1. Discrimination and Toxicity,AI,Unintentional,unregulated_startup,unregulated_startup,76,2013,7,4.079971702480274
"[""youtube""]",1. Discrimination and Toxicity,AI,Unintentional,regulated_corporation,regulated_corporation,364,2019,2,5.537957874467922
"[""facebook""]","7. AI system safety, failures, and limitations",AI,Unintentional,regulated_corporation,regulated_corporation,364,2020,10,5.228972390475821
"[""facebook""]","7. AI system safety, failures, and limitations",AI,Unintentional,regulated_corporation,regulated_corporation,364,2018,7,5.228972390475821
"[""facebook""]","7. AI system safety, failures, and limitations",AI,Intentional,regulated_corporation,regulated_corporation,364,2018,5,5.228972390475821
"[""google""]","7. AI system safety, failures, and limitations",AI,Unintentional,regulated_corporation,regulated_corporation,364,2022,7,5.228972390475821
"[""tiktok""]",1. Discrimination and Toxicity,AI,Unintentional,regulated_corporation,regulated_corporation,364,2021,2,5.537957874467922
"[""starship-technologies""]","7. AI system safety, failures, and limitations",AI,Unintentional,unregulated_startup,unregulated_startup,76,2020,6,3.774347910310237
"[""toronto-city-government""]","7. AI system safety, failures, and limitations",AI,Unintentional,public_agency,public_agency,101,2022,6,4.5356481905260555
"[""tesla""]",5. Human-Computer Interaction,Human,Intentional,regulated_corporation,regulated_corporation,364,2021,5,5.202311628313143
"[""apple""]","7. AI system safety, failures, and limitations",AI,Unintentional,regulated_corporation,regulated_corporation,364,2021,9,5.228972390475821
"[""cruise""]","7. AI system safety, failures, and limitations",AI,Unintentional,regulated_corporation,regulated_corporation,364,2022,6,5.228972390475821
"[""tesla""]",5. Human-Computer Interaction,AI,Unintentional,regulated_corporation,regulated_corporation,364,2018,5,5.202311628313143
"[""new-york-police-department""]",2. Privacy & Security,Human,Unintentional,public_agency,freelancer_or_individual,101,2018,11,4.847295084747077
"[""twitter""]",1. Discrimination and Toxicity,AI,Unintentional,regulated_corporation,regulated_corporation,364,2016,2,5.537957874467922
"[""smart-columbus""]","7. AI system safety, failures, and limitations",AI,Unintentional,public_agency,unregulated_startup,101,2020,2,4.197622770164779
"[""yuen-ler-chow""]","7. AI system safety, failures, and limitations",AI,Unintentional,freelancer_or_individual,freelancer_or_individual,53,2021,10,3.8096643280021065
"[""tiktok""]",1. Discrimination and Toxicity,AI,Unintentional,regulated_corporation,regulated_corporation,364,2022,1,5.537957874467922
"[""broward-college""]",1. Discrimination and Toxicity,AI,Unintentional,academic_lab,unregulated_startup,32,2022,2,3.5447956009710757
"[""geisel-school-of-medicine""]",5. Human-Computer Interaction,Human,Intentional,academic_lab,academic_lab,32,2021,3,3.532477132764642
"[""google""]","7. AI system safety, failures, and limitations",AI,Unintentional,regulated_corporation,regulated_corporation,364,2022,8,5.228972390475821
"[""tesla""]","7. AI system safety, failures, and limitations",AI,Unintentional,regulated_corporation,regulated_corporation,364,2021,11,5.228972390475821
"[""youtube""]",3. Misinformation,AI,Unintentional,regulated_corporation,regulated_corporation,364,2019,2,5.358791362346466
"[""tesla""]","7. AI system safety, failures, and limitations",AI,Unintentional,regulated_corporation,regulated_corporation,364,2016,5,5.228972390475821
"[""apple""]","7. AI system safety, failures, and limitations",AI,Unintentional,regulated_corporation,regulated_corporation,364,2017,11,5.228972390475821
"[""boston-dynamics""]","7. AI system safety, failures, and limitations",AI,Unintentional,regulated_corporation,regulated_corporation,364,2017,7,5.228972390475821
"[""south-wales-police""]","7. AI system safety, failures, and limitations",AI,Unintentional,public_agency,regulated_corporation,101,2017,6,2.6913348121172347
"[""youtube""]","7. AI system safety, failures, and limitations",AI,Unintentional,regulated_corporation,regulated_corporation,364,2020,5,5.228972390475821
"[""sanas""]",1. Discrimination and Toxicity,Human,Intentional,unregulated_startup,unregulated_startup,76,2021,8,4.079971702480274
"[""meta""]",3. Misinformation,AI,Unintentional,regulated_corporation,regulated_corporation,364,2022,8,5.358791362346466
"[""facebook""]","7. AI system safety, failures, and limitations",AI,Unintentional,regulated_corporation,regulated_corporation,364,2020,3,5.228972390475821
"[""tesla""]","7. AI system safety, failures, and limitations",AI,Unintentional,regulated_corporation,regulated_corporation,364,2019,12,5.228972390475821
"[""tesla""]",5. Human-Computer Interaction,Human,Unintentional,regulated_corporation,regulated_corporation,364,2018,1,5.202311628313143
"[""tesla""]","7. AI system safety, failures, and limitations",AI,Unintentional,regulated_corporation,regulated_corporation,364,2018,3,5.228972390475821
"[""tesla""]",5. Human-Computer Interaction,Human,Unintentional,regulated_corporation,regulated_corporation,364,2019,12,5.202311628313143
"[""tesla""]","7. AI system safety, failures, and limitations",AI,Unintentional,regulated_corporation,regulated_corporation,364,2018,5,5.228972390475821
"[""facebook""]",1. Discrimination and Toxicity,AI,Unintentional,regulated_corporation,regulated_corporation,364,2017,9,5.537957874467922
"[""facebook""]",5. Human-Computer Interaction,AI,Unintentional,regulated_corporation,regulated_corporation,364,2014,12,5.202311628313143
"[""facebook""]",5. Human-Computer Interaction,AI,Unintentional,regulated_corporation,regulated_corporation,364,2015,3,5.202311628313143
"[""amazon""]","7. AI system safety, failures, and limitations",AI,Unintentional,regulated_corporation,regulated_corporation,364,2016,12,5.228972390475821
"[""instagram""]",1. Discrimination and Toxicity,AI,Unintentional,regulated_corporation,regulated_corporation,364,2020,8,5.537957874467922
"[""google""]",1. Discrimination and Toxicity,AI,Unintentional,regulated_corporation,regulated_corporation,364,2016,4,5.537957874467922
"[""tesla""]","7. AI system safety, failures, and limitations",AI,Unintentional,regulated_corporation,regulated_corporation,364,2021,3,5.228972390475821
"[""uber""]","7. AI system safety, failures, and limitations",AI,Intentional,regulated_corporation,regulated_corporation,364,2014,10,5.228972390475821
"[""uk-visas-and-immigration""]",1. Discrimination and Toxicity,AI,Intentional,public_agency,public_agency,101,2015,3,4.84361050004615
"[""uk-home-office""]",1. Discrimination and Toxicity,AI,Intentional,public_agency,public_agency,101,2015,3,4.84361050004615
"[""tesla""]",5. Human-Computer Interaction,Human,Intentional,regulated_corporation,regulated_corporation,364,2021,4,5.202311628313143
"[""students""]",5. Human-Computer Interaction,Human,Intentional,academic_lab,unregulated_startup,32,2022,9,3.216255433822125
"[""honda""]","7. AI system safety, failures, and limitations",AI,Unintentional,regulated_corporation,regulated_corporation,364,2017,2,5.228972390475821
"[""nissan""]","7. AI system safety, failures, and limitations",AI,Unintentional,regulated_corporation,regulated_corporation,364,2017,4,5.228972390475821
"[""facebook"",""instagram"",""twitter""]",1. Discrimination and Toxicity,AI,Unintentional,regulated_corporation,regulated_corporation,364,2021,7,5.537957874467922
"[""myinterview"",""curious-thing""]","7. AI system safety, failures, and limitations",AI,Unintentional,unregulated_startup,unregulated_startup,76,2021,7,3.774347910310237
"[""insurance-companies""]","7. AI system safety, failures, and limitations",AI,Unintentional,regulated_corporation,regulated_corporation,364,2021,4,5.228972390475821
"[""waymo""]","7. AI system safety, failures, and limitations",AI,Unintentional,regulated_corporation,regulated_corporation,364,2021,5,5.228972390475821
"[""youtube""]",3. Misinformation,AI,Unintentional,regulated_corporation,regulated_corporation,364,2020,11,5.358791362346466
"[""charlotte-mecklenburg-school-district""]","7. AI system safety, failures, and limitations",AI,Unintentional,public_agency,unregulated_startup,101,2022,3,4.197622770164779
"[""serve-robotics""]",5. Human-Computer Interaction,Human,Intentional,unregulated_startup,unregulated_startup,76,2022,9,3.748028230934884
"[""@tengazillioiniq""]",1. Discrimination and Toxicity,Human,Intentional,freelancer_or_individual,freelancer_or_individual,53,2022,9,4.115440548748267
"[""stephan-de-vries""]",2. Privacy & Security,Human,Intentional,freelancer_or_individual,open_source_community,53,2022,9,4.287460995281488
"[""tesla""]","7. AI system safety, failures, and limitations",AI,Unintentional,regulated_corporation,regulated_corporation,364,2019,3,5.228972390475821
"[""uber""]","7. AI system safety, failures, and limitations",Human,Intentional,regulated_corporation,regulated_corporation,364,2020,6,5.228972390475821
"[""uber""]","7. AI system safety, failures, and limitations",AI,Intentional,regulated_corporation,regulated_corporation,364,2018,7,5.228972390475821
"[""murat-ayfer""]",1. Discrimination and Toxicity,AI,Unintentional,freelancer_or_individual,open_source_community,53,2020,9,4.2029092554300576
"[""openai""]",2. Privacy & Security,AI,Unintentional,regulated_corporation,regulated_corporation,364,2019,2,5.6231548999827705
"[""cadillac-fairview""]",2. Privacy & Security,Human,Intentional,regulated_corporation,freelancer_or_individual,364,2018,6,4.664353859988363
"[""facebook"",""instagram"",""twitter""]",1. Discrimination and Toxicity,AI,Unintentional,regulated_corporation,regulated_corporation,364,2021,5,5.537957874467922
"[""mcdonald's""]",2. Privacy & Security,Human,Intentional,regulated_corporation,unregulated_startup,364,2021,10,0.5746855644883028
"[""amazon""]",2. Privacy & Security,AI,Unintentional,regulated_corporation,regulated_corporation,364,2018,5,5.6231548999827705
"[""facebook""]","7. AI system safety, failures, and limitations",AI,Unintentional,regulated_corporation,regulated_corporation,364,2021,7,5.228972390475821
"[""facebook""]","7. AI system safety, failures, and limitations",AI,Unintentional,regulated_corporation,regulated_corporation,364,2021,1,5.228972390475821
"[""walmart""]","7. AI system safety, failures, and limitations",AI,Unintentional,regulated_corporation,unregulated_startup,364,2020,4,0.3575483612357528
"[""tiktok""]",1. Discrimination and Toxicity,Human,Intentional,regulated_corporation,regulated_corporation,364,2020,9,5.537957874467922
"[""openai"",""google""]",1. Discrimination and Toxicity,AI,Unintentional,regulated_corporation,regulated_corporation,364,2020,6,5.537957874467922
"[""the-israel-military""]",2. Privacy & Security,Human,Intentional,public_agency,unregulated_startup,101,2016,6,4.589541433641435
"[""google""]",2. Privacy & Security,AI,Unintentional,regulated_corporation,regulated_corporation,364,2022,7,5.6231548999827705
"[""michigan-unemployment-insurance-agency""]","7. AI system safety, failures, and limitations",AI,Unintentional,public_agency,regulated_corporation,101,2013,10,2.6913348121172347
"[""uk-office-of-qualifications-and-examinations-regulation""]",1. Discrimination and Toxicity,AI,Unintentional,public_agency,public_agency,101,2020,8,4.84361050004615
"[""krungthai-bank""]","7. AI system safety, failures, and limitations",AI,Unintentional,regulated_corporation,regulated_corporation,364,2019,9,5.228972390475821
"[""weibo""]",5. Human-Computer Interaction,Human,Intentional,regulated_corporation,regulated_corporation,364,2022,10,5.202311628313143
"[""tusimple""]","7. AI system safety, failures, and limitations",AI,Unintentional,regulated_corporation,regulated_corporation,364,2022,4,5.228972390475821
"[""pepsi""]","7. AI system safety, failures, and limitations",Human,Unintentional,regulated_corporation,unregulated_startup,364,1992,5,0.3575483612357528
"[""facebook""]",1. Discrimination and Toxicity,AI,Unintentional,regulated_corporation,regulated_corporation,364,2014,3,5.537957874467922
"[""sit-acronis-autonomous""]","7. AI system safety, failures, and limitations",AI,Unintentional,unregulated_startup,unregulated_startup,76,2020,10,3.774347910310237
"[""instagram""]",1. Discrimination and Toxicity,AI,Unintentional,regulated_corporation,regulated_corporation,364,2017,11,5.537957874467922
"[""google-home""]",1. Discrimination and Toxicity,AI,Unintentional,regulated_corporation,regulated_corporation,364,2022,10,5.537957874467922
"[""glovo""]","7. AI system safety, failures, and limitations",AI,Unintentional,unregulated_startup,unregulated_startup,76,2022,10,3.774347910310237
"[""edmonton-police-service""]",1. Discrimination and Toxicity,Human,Intentional,public_agency,regulated_corporation,101,2022,10,2.9883393951165784
"[""amazon""]",5. Human-Computer Interaction,AI,Intentional,regulated_corporation,regulated_corporation,364,2019,7,5.202311628313143
"[""oracle""]",2. Privacy & Security,Human,Intentional,regulated_corporation,regulated_corporation,364,2014,12,5.6231548999827705
"[""the-government-in-bahia"",""bahia's-secretary-of-public-security""]",1. Discrimination and Toxicity,AI,Unintentional,public_agency,regulated_corporation,101,2018,12,2.9883393951165784
"[""cruise""]","7. AI system safety, failures, and limitations",AI,Unintentional,regulated_corporation,regulated_corporation,364,2022,4,5.228972390475821
"[""southern-co-op""]",2. Privacy & Security,Human,Intentional,regulated_corporation,regulated_corporation,364,2022,7,5.6231548999827705
"[""facebook""]","7. AI system safety, failures, and limitations",AI,Unintentional,regulated_corporation,regulated_corporation,364,2015,6,5.228972390475821
"[""facebook""]",1. Discrimination and Toxicity,AI,Unintentional,regulated_corporation,regulated_corporation,364,2021,12,5.537957874467922
"[""youtube"",""twitch"",""tiktok"",""instagram""]",1. Discrimination and Toxicity,AI,Unintentional,regulated_corporation,regulated_corporation,364,2017,3,5.537957874467922
"[""amazon""]",2. Privacy & Security,Human,Intentional,regulated_corporation,unregulated_startup,364,2021,3,0.5746855644883028
"[""uber""]",1. Discrimination and Toxicity,AI,Unintentional,regulated_corporation,regulated_corporation,364,2018,7,5.537957874467922
"[""tiktok""]",3. Misinformation,AI,Unintentional,regulated_corporation,regulated_corporation,364,2022,9,5.358791362346466
"[""tesla""]","7. AI system safety, failures, and limitations",AI,Unintentional,regulated_corporation,regulated_corporation,364,2022,8,5.228972390475821
"[""meta-ai"",""meta"",""facebook""]",3. Misinformation,AI,Unintentional,regulated_corporation,regulated_corporation,364,2022,11,5.358791362346466
"[""google""]",1. Discrimination and Toxicity,AI,Unintentional,regulated_corporation,regulated_corporation,364,2022,2,5.537957874467922
"[""google""]",1. Discrimination and Toxicity,AI,Unintentional,regulated_corporation,regulated_corporation,364,2021,6,5.537957874467922
"[""latitude""]",1. Discrimination and Toxicity,AI,Unintentional,unregulated_startup,regulated_corporation,76,2021,4,1.7956682427651083
"[""google""]",5. Human-Computer Interaction,AI,Unintentional,regulated_corporation,regulated_corporation,364,2018,1,5.202311628313143
"[""rock-hill-schools"",""pinecrest-academy-horizon""]","7. AI system safety, failures, and limitations",AI,Unintentional,public_agency,unregulated_startup,101,2019,6,4.197622770164779
"[""schufa-holding-ag""]",1. Discrimination and Toxicity,AI,Unintentional,regulated_corporation,regulated_corporation,364,2018,11,5.537957874467922
"[""facebook""]",2. Privacy & Security,AI,Unintentional,regulated_corporation,regulated_corporation,364,2015,7,5.6231548999827705
"[""uber""]",1. Discrimination and Toxicity,AI,Unintentional,regulated_corporation,regulated_corporation,364,2016,2,5.537957874467922
"[""facebook""]",2. Privacy & Security,AI,Unintentional,regulated_corporation,regulated_corporation,364,2017,4,5.6231548999827705
"[""university-of-north-carolina-wilmington"",""karl-ricanek"",""gayathri-mahalingam""]",2. Privacy & Security,Human,Intentional,academic_lab,academic_lab,32,2013,9,3.9474530173269353
"[""kfc""]",1. Discrimination and Toxicity,AI,Unintentional,regulated_corporation,regulated_corporation,364,2022,11,5.537957874467922
"[""finland-national-bureau-of-investigation""]",2. Privacy & Security,Human,Unintentional,public_agency,unregulated_startup,101,2020,1,4.589541433641435
"[""openai""]",3. Misinformation,Human,Unintentional,regulated_corporation,regulated_corporation,364,2022,11,5.358791362346466
"[""facebook""]","7. AI system safety, failures, and limitations",AI,Unintentional,regulated_corporation,regulated_corporation,364,2020,1,5.228972390475821
"[""facebook""]","7. AI system safety, failures, and limitations",AI,Unintentional,regulated_corporation,regulated_corporation,364,2020,7,5.228972390475821
"[""meta-platforms"",""facebook""]",1. Discrimination and Toxicity,AI,Unintentional,regulated_corporation,regulated_corporation,364,2022,12,5.537957874467922
"[""facebook""]",1. Discrimination and Toxicity,AI,Unintentional,regulated_corporation,regulated_corporation,364,2019,11,5.537957874467922
"[""uber""]","7. AI system safety, failures, and limitations",AI,Unintentional,regulated_corporation,regulated_corporation,364,2017,3,5.228972390475821
"[""facebook""]","7. AI system safety, failures, and limitations",AI,Unintentional,regulated_corporation,regulated_corporation,364,2022,12,5.228972390475821
"[""openai""]",1. Discrimination and Toxicity,AI,Unintentional,regulated_corporation,regulated_corporation,364,2022,11,5.537957874467922
"[""lensa-ai""]",1. Discrimination and Toxicity,AI,Unintentional,unregulated_startup,open_source_community,76,2022,11,4.467903350044729
"[""canadian-universities""]",1. Discrimination and Toxicity,AI,Unintentional,academic_lab,unregulated_startup,32,2020,3,3.5447956009710757
"[""state-farm""]",1. Discrimination and Toxicity,AI,Unintentional,regulated_corporation,regulated_corporation,364,2021,6,5.537957874467922
"[""xpeng""]","7. AI system safety, failures, and limitations",AI,Unintentional,regulated_corporation,regulated_corporation,364,2022,9,5.228972390475821
"[""cruise""]","7. AI system safety, failures, and limitations",AI,Unintentional,regulated_corporation,regulated_corporation,364,2022,3,5.228972390475821
"[""hsbc-uk""]",2. Privacy & Security,Human,Intentional,regulated_corporation,regulated_corporation,364,2017,5,5.6231548999827705
"[""rochester-police-department""]","7. AI system safety, failures, and limitations",AI,Unintentional,public_agency,regulated_corporation,101,2016,4,2.6913348121172347
"[""madison-square-garden-entertainment""]",5. Human-Computer Interaction,Human,Intentional,regulated_corporation,freelancer_or_individual,364,2022,12,4.245688004843655
"[""southwest-airlines""]","7. AI system safety, failures, and limitations",AI,Unintentional,regulated_corporation,regulated_corporation,364,2022,12,5.228972390475821
"[""chicago-police-department""]",1. Discrimination and Toxicity,Human,Intentional,public_agency,public_agency,101,2012,8,4.84361050004615
"[""tesla""]","7. AI system safety, failures, and limitations",AI,Unintentional,regulated_corporation,regulated_corporation,364,2022,11,5.228972390475821
"[""tesla""]",5. Human-Computer Interaction,Human,Intentional,regulated_corporation,regulated_corporation,364,2022,12,5.202311628313143
"[""henan-government"",""henan-public-security-department""]",2. Privacy & Security,Human,Intentional,public_agency,regulated_corporation,101,2021,9,3.0708138411819426
"[""detroit-police-department""]",1. Discrimination and Toxicity,AI,Unintentional,public_agency,unregulated_startup,101,2019,7,4.504761472425569
"[""baton-rouge-police-department""]",1. Discrimination and Toxicity,Human,Unintentional,public_agency,unregulated_startup,101,2022,11,4.504761472425569
"[""korean-ministry-of-justice"",""korean-ministry-of-science-and-information-and-communication-technology""]",2. Privacy & Security,Human,Intentional,public_agency,unregulated_startup,101,2019,6,4.589541433641435
"[""us-air-force""]","7. AI system safety, failures, and limitations",AI,Unintentional,public_agency,regulated_corporation,101,2003,3,2.6913348121172347
"[""us-navy""]","7. AI system safety, failures, and limitations",AI,Unintentional,public_agency,regulated_corporation,101,2003,4,2.6913348121172347
"[""durham-police-department""]","7. AI system safety, failures, and limitations",AI,Unintentional,public_agency,regulated_corporation,101,2023,1,2.6913348121172347
"[""instagram""]",3. Misinformation,Human,Unintentional,regulated_corporation,regulated_corporation,364,2022,12,5.358791362346466
"[""vedal""]",1. Discrimination and Toxicity,AI,Unintentional,freelancer_or_individual,freelancer_or_individual,53,2022,12,4.115440548748267
"[""koko""]",5. Human-Computer Interaction,Human,Intentional,unregulated_startup,regulated_corporation,76,2022,12,1.5053261323134237
"[""openai"",""immunefi-users""]","7. AI system safety, failures, and limitations",Human,Intentional,regulated_corporation,regulated_corporation,364,2023,1,5.228972390475821
"[""twitter""]","7. AI system safety, failures, and limitations",AI,Unintentional,regulated_corporation,regulated_corporation,364,2023,1,5.228972390475821
"[""cnet""]",3. Misinformation,Human,Intentional,regulated_corporation,freelancer_or_individual,364,2022,11,4.401250136854233
"[""replika""]",1. Discrimination and Toxicity,AI,Unintentional,unregulated_startup,unregulated_startup,76,2021,5,4.079971702480274
"[""frauke-zeller"",""david-harris""]",5. Human-Computer Interaction,Human,Intentional,academic_lab,academic_lab,32,2015,8,3.532477132764642
"[""cruise""]","7. AI system safety, failures, and limitations",AI,Unintentional,regulated_corporation,regulated_corporation,364,2023,1,5.228972390475821
"[""cruise""]","7. AI system safety, failures, and limitations",AI,Unintentional,regulated_corporation,regulated_corporation,364,2022,6,5.228972390475821
"[""internal-revenue-service""]",1. Discrimination and Toxicity,AI,Unintentional,public_agency,public_agency,101,2008,7,4.84361050004615
"[""mismatch-media""]",1. Discrimination and Toxicity,AI,Unintentional,unregulated_startup,unregulated_startup,76,2023,2,4.079971702480274
"[""apple""]","7. AI system safety, failures, and limitations",AI,Unintentional,regulated_corporation,regulated_corporation,364,2022,11,5.228972390475821
"[""openai""]",3. Misinformation,AI,Unintentional,regulated_corporation,regulated_corporation,364,2022,11,5.358791362346466
"[""openai"",""edward-tian""]","7. AI system safety, failures, and limitations",AI,Unintentional,regulated_corporation,unregulated_startup,364,2023,1,0.3575483612357528
"[""google""]",3. Misinformation,AI,Unintentional,regulated_corporation,regulated_corporation,364,2023,2,5.358791362346466
"[""microsoft""]","7. AI system safety, failures, and limitations",AI,Unintentional,regulated_corporation,regulated_corporation,364,2023,2,5.228972390475821
"[""meta"",""linkedin"",""instagram"",""facebook""]",1. Discrimination and Toxicity,AI,Unintentional,regulated_corporation,regulated_corporation,364,2006,2,5.537957874467922
"[""microsoft""]",3. Misinformation,AI,Unintentional,regulated_corporation,regulated_corporation,364,2023,2,5.358791362346466
"[""meta"",""facebook""]",1. Discrimination and Toxicity,AI,Unintentional,regulated_corporation,regulated_corporation,364,2019,6,5.537957874467922
"[""microsoft""]",2. Privacy & Security,Human,Intentional,regulated_corporation,regulated_corporation,364,2023,2,5.6231548999827705
"[""replika""]",5. Human-Computer Interaction,Human,Intentional,unregulated_startup,unregulated_startup,76,2023,2,3.748028230934884
"[""mcdonald's""]","7. AI system safety, failures, and limitations",AI,Unintentional,regulated_corporation,regulated_corporation,364,2021,6,5.228972390475821
"[""microsoft""]","7. AI system safety, failures, and limitations",AI,Unintentional,regulated_corporation,regulated_corporation,364,2023,2,5.228972390475821
"[""tesla""]","7. AI system safety, failures, and limitations",AI,Unintentional,regulated_corporation,regulated_corporation,364,2016,9,5.228972390475821
"[""vanderbilt-university""]",5. Human-Computer Interaction,Human,Intentional,academic_lab,regulated_corporation,32,2023,2,2.193142240551913
"[""us-customs-and-border-protection""]",1. Discrimination and Toxicity,AI,Unintentional,public_agency,public_agency,101,2023,1,4.84361050004615
"[""unknown""]",3. Misinformation,Human,Intentional,freelancer_or_individual,unregulated_startup,53,2023,2,3.6804654842072715
"[""workday""]",1. Discrimination and Toxicity,AI,Unintentional,regulated_corporation,regulated_corporation,364,2019,6,5.537957874467922
"[""replika""]",5. Human-Computer Interaction,AI,Unintentional,unregulated_startup,unregulated_startup,76,2023,2,3.748028230934884
"[""donotpay""]","7. AI system safety, failures, and limitations",AI,Unintentional,unregulated_startup,unregulated_startup,76,2023,3,3.774347910310237
"[""openai"",""gpt-4-researchers""]","7. AI system safety, failures, and limitations",AI,Intentional,regulated_corporation,regulated_corporation,364,2023,3,5.228972390475821
"[""eliot-higgins""]",3. Misinformation,Human,Intentional,freelancer_or_individual,unregulated_startup,53,2023,3,3.6804654842072715
"[""allegheny-county""]",1. Discrimination and Toxicity,AI,Unintentional,public_agency,academic_lab,101,2017,4,4.878540227180438
"[""microsoft""]","7. AI system safety, failures, and limitations",AI,Unintentional,regulated_corporation,regulated_corporation,364,2023,2,5.228972390475821
"[""microsoft""]",3. Misinformation,AI,Unintentional,regulated_corporation,regulated_corporation,364,2023,2,5.358791362346466
"[""chai""]",5. Human-Computer Interaction,AI,Unintentional,unregulated_startup,open_source_community,76,2023,3,4.134409870051152
"[""openai""]",3. Misinformation,AI,Unintentional,regulated_corporation,regulated_corporation,364,2023,3,5.358791362346466
"[""openai""]",3. Misinformation,AI,Unintentional,regulated_corporation,regulated_corporation,364,2023,3,5.358791362346466
"[""eliot-higgins""]",3. Misinformation,Human,Intentional,freelancer_or_individual,unregulated_startup,53,2023,3,3.6804654842072715
"[""microsoft""]","7. AI system safety, failures, and limitations",AI,Unintentional,regulated_corporation,regulated_corporation,364,2023,2,5.228972390475821
"[""openai""]",2. Privacy & Security,AI,Unintentional,regulated_corporation,regulated_corporation,364,2023,3,5.6231548999827705
"[""turnitin""]","7. AI system safety, failures, and limitations",AI,Unintentional,regulated_corporation,regulated_corporation,364,2023,1,5.228972390475821
"[""jefferson-parish-sheriff's-office""]",1. Discrimination and Toxicity,AI,Unintentional,public_agency,unregulated_startup,101,2022,11,4.504761472425569
"[""openai""]",2. Privacy & Security,AI,Unintentional,regulated_corporation,regulated_corporation,364,2023,3,5.6231548999827705
"[""new-york-police-department"",""facial-identification-section""]","7. AI system safety, failures, and limitations",Human,Intentional,public_agency,freelancer_or_individual,101,2017,4,4.454578629872398
"[""starship-technologies""]","7. AI system safety, failures, and limitations",AI,Unintentional,unregulated_startup,unregulated_startup,76,2022,4,3.774347910310237
"[""amazon-fresh""]","7. AI system safety, failures, and limitations",Other,Unintentional,regulated_corporation,regulated_corporation,364,2022,5,5.228972390475821
"[""irobot""]",2. Privacy & Security,Human,Unintentional,regulated_corporation,regulated_corporation,364,2020,6,5.6231548999827705
"[""facebook""]",3. Misinformation,AI,Unintentional,regulated_corporation,regulated_corporation,364,2019,7,5.358791362346466
"[""australian-taxation-office"",""services-australia""]",2. Privacy & Security,AI,Unintentional,public_agency,public_agency,101,2023,3,4.928576575626765
"[""justine-hsu""]",5. Human-Computer Interaction,Human,Unintentional,freelancer_or_individual,regulated_corporation,53,2019,7,2.0217450592666797
"[""uber"",""amazon""]",1. Discrimination and Toxicity,AI,Intentional,regulated_corporation,regulated_corporation,364,2014,5,5.537957874467922
"[""amazon""]","7. AI system safety, failures, and limitations",AI,Unintentional,regulated_corporation,regulated_corporation,364,2023,4,5.228972390475821
"[""stability-ai""]",1. Discrimination and Toxicity,AI,Unintentional,unregulated_startup,open_source_community,76,2022,8,4.467903350044729
"[""transportation-security-administration""]",1. Discrimination and Toxicity,AI,Unintentional,public_agency,regulated_corporation,101,2017,9,2.9883393951165784
"[""us-citizenship-and-immigration-services""]","7. AI system safety, failures, and limitations",AI,Unintentional,public_agency,freelancer_or_individual,101,2020,6,4.454578629872398
"[""tesla""]","7. AI system safety, failures, and limitations",AI,Unintentional,regulated_corporation,regulated_corporation,364,2021,6,5.228972390475821
"[""facebook"",""meta""]",5. Human-Computer Interaction,Human,Intentional,regulated_corporation,regulated_corporation,364,2021,4,5.202311628313143
"[""mount-sinai-hospital"",""unknown""]","7. AI system safety, failures, and limitations",Human,Unintentional,academic_lab,academic_lab,32,2020,1,3.5586897390554655
"[""new-jersey-transit""]","7. AI system safety, failures, and limitations",Human,Unintentional,public_agency,public_agency,101,2012,12,4.5356481905260555
"[""jared-mumm""]",5. Human-Computer Interaction,Human,Intentional,freelancer_or_individual,regulated_corporation,53,2023,5,2.0217450592666797
"[""snapchat""]",1. Discrimination and Toxicity,AI,Unintentional,regulated_corporation,regulated_corporation,364,2023,3,5.537957874467922
"[""tesla""]","7. AI system safety, failures, and limitations",AI,Unintentional,regulated_corporation,regulated_corporation,364,2023,5,5.228972390475821
"[""steven-a.-schwartz"",""peter-loduca""]","7. AI system safety, failures, and limitations",Human,Unintentional,freelancer_or_individual,regulated_corporation,53,2023,5,2.0460063692777357
"[""national-eating-disorders-association"",""cass""]","7. AI system safety, failures, and limitations",AI,Unintentional,public_agency,freelancer_or_individual,101,2023,5,4.454578629872398
"[""national-aid-fund""]",1. Discrimination and Toxicity,AI,Unintentional,public_agency,public_agency,101,2019,5,4.84361050004615
"[""opera""]",3. Misinformation,AI,Unintentional,regulated_corporation,regulated_corporation,364,2023,5,5.358791362346466
"[""wendy's"",""mcdonald's"",""hardee's""]",5. Human-Computer Interaction,AI,Unintentional,regulated_corporation,regulated_corporation,364,2023,1,5.202311628313143
"[""tesla""]","7. AI system safety, failures, and limitations",AI,Unintentional,regulated_corporation,regulated_corporation,364,2023,3,5.228972390475821
"[""microsoft""]",2. Privacy & Security,AI,Unintentional,regulated_corporation,regulated_corporation,364,2023,6,5.6231548999827705
"[""google""]",3. Misinformation,AI,Unintentional,regulated_corporation,regulated_corporation,364,2023,5,5.358791362346466
"[""google""]",3. Misinformation,AI,Unintentional,regulated_corporation,regulated_corporation,364,2023,5,5.358791362346466
"[""amazon""]",2. Privacy & Security,Human,Intentional,regulated_corporation,regulated_corporation,364,2018,5,5.6231548999827705
"[""miami-police-department""]",2. Privacy & Security,Human,Intentional,public_agency,unregulated_startup,101,2020,6,4.589541433641435
"[""new-york-city-police-department""]",1. Discrimination and Toxicity,Human,Intentional,public_agency,unregulated_startup,101,2020,8,4.504761472425569
"[""openai""]",5. Human-Computer Interaction,Human,Intentional,regulated_corporation,regulated_corporation,364,2023,6,5.202311628313143
"[""tesla""]","7. AI system safety, failures, and limitations",AI,Unintentional,regulated_corporation,regulated_corporation,364,2023,6,5.228972390475821
"[""openai""]",2. Privacy & Security,Human,Intentional,regulated_corporation,regulated_corporation,364,2019,3,5.6231548999827705
"[""openai""]",3. Misinformation,AI,Unintentional,regulated_corporation,regulated_corporation,364,2022,11,5.358791362346466
"[""cruise""]","7. AI system safety, failures, and limitations",AI,Unintentional,regulated_corporation,regulated_corporation,364,2023,8,5.228972390475821
"[""gannett""]","7. AI system safety, failures, and limitations",AI,Unintentional,regulated_corporation,unregulated_startup,364,2023,9,0.3575483612357528
"[""unknown-hacker""]",2. Privacy & Security,Human,Intentional,freelancer_or_individual,freelancer_or_individual,53,2023,8,4.199912210740484
"[""tiktok-user-@e.news.tv"",""tiktok-user-@d.news.tv"",""tiktok-user-@drphilshowtv"",""tiktok-user-@ynewstv2023"",""tiktok-users""]",3. Misinformation,Human,Intentional,freelancer_or_individual,unregulated_startup,53,2023,6,3.6804654842072715
"[""replika"",""jaswant-singh-chail""]",5. Human-Computer Interaction,AI,Unintentional,freelancer_or_individual,unregulated_startup,53,2021,12,3.5264740769893206
"[""meta""]",1. Discrimination and Toxicity,AI,Unintentional,regulated_corporation,regulated_corporation,364,2023,10,5.537957874467922
"[""microsoft""]",2. Privacy & Security,Human,Unintentional,regulated_corporation,regulated_corporation,364,2023,6,5.6231548999827705
"[""unspecified-university""]","7. AI system safety, failures, and limitations",AI,Unintentional,academic_lab,regulated_corporation,32,2023,7,2.217798280669042
"[""go-media""]",3. Misinformation,Human,Intentional,unregulated_startup,regulated_corporation,76,2023,7,1.639046604982801
"[""meta"",""instagram""]",1. Discrimination and Toxicity,Human,Intentional,regulated_corporation,unregulated_startup,364,2023,10,0.5245171426002329
"[""red-ventures"",""bankrate""]",3. Misinformation,Human,Intentional,regulated_corporation,regulated_corporation,364,2023,6,5.358791362346466
"[""individual-developers-or-creators-using-meta's-llama-model""]",1. Discrimination and Toxicity,Human,Intentional,freelancer_or_individual,regulated_corporation,53,2023,6,2.3310746337918915
"[""dall-e""]",1. Discrimination and Toxicity,AI,Unintentional,regulated_corporation,regulated_corporation,364,2023,7,5.537957874467922
"[""meta""]",1. Discrimination and Toxicity,AI,Unintentional,regulated_corporation,regulated_corporation,364,2023,6,5.537957874467922
"[""google""]",3. Misinformation,Human,Intentional,regulated_corporation,regulated_corporation,364,2023,6,5.358791362346466
"[""meta"",""instagram""]",1. Discrimination and Toxicity,AI,Unintentional,regulated_corporation,regulated_corporation,364,2023,6,5.537957874467922
"[""edmodo""]",2. Privacy & Security,Human,Intentional,unregulated_startup,unregulated_startup,76,2023,5,4.164408841230285
"[""many"",""maria-spanadoris"",""adesh-ingale"",""getintoknowledge.com"",""famadillo.com"",""bestbudgetusa.com"",""harmonyhustle.com"",""historyfact.in"",""countylocalnews.com"",""tnewsnetwork.com"",""wavefunction.info"",""celebritiesdeaths.com"",""scoopearth.com"",""filthylucre.com""]",3. Misinformation,Human,Intentional,unregulated_startup,freelancer_or_individual,76,2023,5,4.193294640644457
"[""cigna""]","7. AI system safety, failures, and limitations",AI,Intentional,regulated_corporation,regulated_corporation,364,2023,7,5.228972390475821
"[""playground-ai""]",1. Discrimination and Toxicity,AI,Unintentional,unregulated_startup,unregulated_startup,76,2023,7,4.079971702480274
"[""pak-'n'-save""]","7. AI system safety, failures, and limitations",AI,Unintentional,regulated_corporation,unregulated_startup,364,2023,8,0.3575483612357528
"[""cruise""]","7. AI system safety, failures, and limitations",AI,Unintentional,regulated_corporation,regulated_corporation,364,2023,8,5.228972390475821
"[""cruise""]","7. AI system safety, failures, and limitations",AI,Unintentional,regulated_corporation,regulated_corporation,364,2023,10,5.228972390475821
"[""state-governments"",""idaho-state-government"",""arkansas-state-government"",""washington-dc-government"",""pennsylvania-state-government"",""iowa-state-government"",""missouri-state-government""]",1. Discrimination and Toxicity,AI,Intentional,public_agency,public_agency,101,2021,7,4.84361050004615
"[""unitedhealthcare""]","7. AI system safety, failures, and limitations",Human,Intentional,regulated_corporation,regulated_corporation,364,2023,2,5.228972390475821
"[""google""]",3. Misinformation,AI,Unintentional,regulated_corporation,regulated_corporation,364,2023,8,5.358791362346466
"[""various-british-government-offices"",""home-office"",""department-for-work-and-pensions"",""british-government""]",1. Discrimination and Toxicity,Human,Intentional,public_agency,public_agency,101,2021,12,4.84361050004615
"[""microsoft""]","7. AI system safety, failures, and limitations",AI,Unintentional,regulated_corporation,regulated_corporation,364,2023,10,5.228972390475821
"[""adobe-stock""]",3. Misinformation,Human,Unintentional,regulated_corporation,open_source_community,364,2023,11,4.733516633133956
"[""james-guthrie""]",3. Misinformation,Human,Unintentional,freelancer_or_individual,regulated_corporation,53,2023,11,2.1649417315096406
"[""zachariah-crabill""]",3. Misinformation,Human,Unintentional,freelancer_or_individual,regulated_corporation,53,2023,6,2.1649417315096406
"[""rite-aid""]",1. Discrimination and Toxicity,Human,Intentional,regulated_corporation,freelancer_or_individual,364,2023,12,4.579527246034626
"[""tesla""]","7. AI system safety, failures, and limitations",AI,Unintentional,regulated_corporation,regulated_corporation,364,2021,11,5.228972390475821
"[""windows-paint"",""microsoft"",""bing-users"",""bing"",""ai-image-creator""]",1. Discrimination and Toxicity,AI,Unintentional,regulated_corporation,regulated_corporation,364,2023,11,5.537957874467922
"[""general-motors"",""chevrolet-of-watsonville"",""chatgpt""]","7. AI system safety, failures, and limitations",AI,Unintentional,regulated_corporation,regulated_corporation,364,2023,12,5.228972390475821
"[""michael-cohen"",""david-m.-schwartz""]",3. Misinformation,Human,Intentional,freelancer_or_individual,regulated_corporation,53,2023,12,2.1649417315096406
"[""various-people"",""various-organizations""]",2. Privacy & Security,Human,Unintentional,open_source_community,open_source_community,7,2023,12,2.4663001131228
"[""amazon-sellers""]","7. AI system safety, failures, and limitations",Human,Unintentional,unregulated_startup,regulated_corporation,76,2024,1,1.5278915676210554
"[""macy's""]",2. Privacy & Security,AI,Unintentional,regulated_corporation,regulated_corporation,364,2022,1,5.6231548999827705
"[""dpd""]","7. AI system safety, failures, and limitations",AI,Unintentional,unregulated_startup,unregulated_startup,76,2024,1,3.774347910310237
"[""users-in-a-telegram-group"",""users-on-x""]",1. Discrimination and Toxicity,Human,Intentional,freelancer_or_individual,regulated_corporation,53,2024,1,2.3310746337918915
"[""nine-network""]",1. Discrimination and Toxicity,Human,Unintentional,unregulated_startup,regulated_corporation,76,2024,1,1.7956682427651083
"[""variety-of-youtube-content-creators""]",3. Misinformation,Human,Intentional,freelancer_or_individual,unregulated_startup,53,2024,1,3.6804654842072715
"[""replika"",""chai"",""romantic-ai"",""eva-ai-chat-bot-and-soulmate"",""crushon.ai"",""genesia-ai-friend-and-partner""]",2. Privacy & Security,Human,Intentional,unregulated_startup,unregulated_startup,76,2024,2,4.164408841230285
"[""chicago-police-department""]","7. AI system safety, failures, and limitations",AI,Unintentional,public_agency,regulated_corporation,101,2024,1,2.6913348121172347
"[""hans-von-ohain""]","7. AI system safety, failures, and limitations",Other,Unintentional,freelancer_or_individual,regulated_corporation,53,2022,5,2.0460063692777357
"[""air-canada""]","7. AI system safety, failures, and limitations",AI,Unintentional,regulated_corporation,regulated_corporation,364,2022,11,5.228972390475821
"[""waymo""]","7. AI system safety, failures, and limitations",AI,Unintentional,regulated_corporation,regulated_corporation,364,2023,12,5.228972390475821
"[""openai""]","7. AI system safety, failures, and limitations",AI,Unintentional,regulated_corporation,regulated_corporation,364,2024,2,5.228972390475821
"[""google"",""gemini""]",1. Discrimination and Toxicity,AI,Unintentional,regulated_corporation,regulated_corporation,364,2024,2,5.537957874467922
"[""waymo""]","7. AI system safety, failures, and limitations",AI,Unintentional,regulated_corporation,regulated_corporation,364,2024,2,5.228972390475821
"[""microsoft""]",1. Discrimination and Toxicity,AI,Unintentional,regulated_corporation,regulated_corporation,364,2024,3,5.537957874467922
"[""openai""]",2. Privacy & Security,Human,Intentional,regulated_corporation,regulated_corporation,364,2024,1,5.6231548999827705
"[""the-arizona-agenda"",""hank-stephenson""]",3. Misinformation,Human,Intentional,unregulated_startup,unregulated_startup,76,2024,3,3.9026285632262434
"[""unit-8200"",""israeli-military-intelligence"",""israeli-government""]",2. Privacy & Security,Human,Intentional,public_agency,regulated_corporation,101,2023,10,3.0708138411819426
"[""washington-state's-lottery""]",1. Discrimination and Toxicity,AI,Unintentional,public_agency,public_agency,101,2024,4,4.84361050004615
"[""lincoln-project""]",3. Misinformation,Human,Intentional,unregulated_startup,open_source_community,76,2024,2,4.289796516608509
"[""foodstuffs"",""new-world-westend""]",1. Discrimination and Toxicity,Human,Unintentional,regulated_corporation,unregulated_startup,364,2024,4,0.5245171426002329
"[""dravida-munnetra-kazhagam"",""dmk"",""various-indian-political-parties""]",3. Misinformation,Human,Intentional,public_agency,freelancer_or_individual,101,2024,1,4.583849962897934
"[""unit-8200"",""israel-defense-forces""]","7. AI system safety, failures, and limitations",Human,Intentional,public_agency,public_agency,101,2024,4,4.5356481905260555
"[""chatgpt""]","7. AI system safety, failures, and limitations",AI,Unintentional,regulated_corporation,regulated_corporation,364,2024,4,5.228972390475821
"[""ron-desantis's-presidential-campaign"",""never-back-down""]",3. Misinformation,Human,Intentional,unregulated_startup,freelancer_or_individual,76,2023,7,4.193294640644457
"[""google"",""google-books""]",3. Misinformation,Human,Unintentional,regulated_corporation,regulated_corporation,364,2024,4,5.358791362346466
"[""who"",""s.a.r.a.h.-(smart-ai-resource-assistant-for-health)""]","7. AI system safety, failures, and limitations",AI,Unintentional,unregulated_startup,open_source_community,76,2024,4,4.16087218965069
"[""meta""]",1. Discrimination and Toxicity,AI,Unintentional,regulated_corporation,regulated_corporation,364,2024,4,5.537957874467922
"[""sky-voice-assistant"",""sam-altman"",""openai""]",5. Human-Computer Interaction,Human,Intentional,unregulated_startup,regulated_corporation,76,2024,5,1.5053261323134237
"[""home-bargains""]",1. Discrimination and Toxicity,AI,Unintentional,unregulated_startup,unregulated_startup,76,2024,5,4.079971702480274
"[""metropolitan-police-service""]",1. Discrimination and Toxicity,AI,Unintentional,public_agency,public_agency,101,2024,2,4.84361050004615
"[""google""]",3. Misinformation,AI,Unintentional,regulated_corporation,regulated_corporation,364,2024,5,5.358791362346466
"[""republican-national-committee-(rnc)""]",3. Misinformation,Human,Intentional,public_agency,freelancer_or_individual,101,2023,4,4.583849962897934
"[""meta"",""facebook""]","7. AI system safety, failures, and limitations",AI,Unintentional,regulated_corporation,regulated_corporation,364,2024,2,5.228972390475821
"[""unknown-deepfake-creator""]",3. Misinformation,Human,Intentional,freelancer_or_individual,freelancer_or_individual,53,2023,6,3.9380146719268847
"[""c3pmeme""]",3. Misinformation,Human,Intentional,freelancer_or_individual,freelancer_or_individual,53,2023,9,3.9380146719268847
"[""department-of-veterans-affairs-(va)""]",1. Discrimination and Toxicity,Human,Unintentional,public_agency,public_agency,101,2024,5,4.84361050004615
"[""meta""]",5. Human-Computer Interaction,AI,Unintentional,regulated_corporation,regulated_corporation,364,2024,5,5.202311628313143
"[""unknown-deepfake-creators""]",3. Misinformation,AI,Intentional,freelancer_or_individual,freelancer_or_individual,53,2024,1,3.9380146719268847
"[""unnamed-tesla-driver""]","7. AI system safety, failures, and limitations",AI,Unintentional,freelancer_or_individual,regulated_corporation,53,2024,6,2.0460063692777357
"[""judiciary-of-italy""]","7. AI system safety, failures, and limitations",AI,Unintentional,public_agency,unregulated_startup,101,2024,5,4.197622770164779
"[""unnamed-manchester-litigant""]",3. Misinformation,AI,Unintentional,freelancer_or_individual,regulated_corporation,53,2023,5,2.1649417315096406
"[""meta""]","7. AI system safety, failures, and limitations",AI,Unintentional,regulated_corporation,regulated_corporation,364,2024,4,5.228972390475821
"[""tesla"",""tesla-drivers""]","7. AI system safety, failures, and limitations",AI,Unintentional,regulated_corporation,regulated_corporation,364,2024,4,5.228972390475821
"[""meta""]",3. Misinformation,AI,Unintentional,regulated_corporation,regulated_corporation,364,2024,4,5.358791362346466
"[""jack-posobiec"",""@thepatriotoasis""]",3. Misinformation,Human,Intentional,freelancer_or_individual,freelancer_or_individual,53,2023,2,3.9380146719268847
"[""new-york-city-government"",""eric-adams-administration""]","7. AI system safety, failures, and limitations",AI,Unintentional,public_agency,regulated_corporation,101,2024,3,2.6913348121172347
"[""brookdale-senior-living""]","7. AI system safety, failures, and limitations",AI,Intentional,regulated_corporation,regulated_corporation,364,2021,4,5.228972390475821
"[""x-(twitter)""]",3. Misinformation,AI,Unintentional,regulated_corporation,freelancer_or_individual,364,2024,4,4.401250136854233
"[""catholic-answers""]",5. Human-Computer Interaction,AI,Unintentional,unregulated_startup,open_source_community,76,2024,4,4.134409870051152
"[""meta"",""instagram""]",1. Discrimination and Toxicity,AI,Unintentional,regulated_corporation,regulated_corporation,364,2024,5,5.537957874467922
"[""fake-publications"",""auricle-global-society-of-education-and-research"",""addleton-academic-publishers""]",3. Misinformation,Human,Intentional,unregulated_startup,unregulated_startup,76,2024,6,3.9026285632262434
"[""cruise""]","7. AI system safety, failures, and limitations",AI,Unintentional,regulated_corporation,regulated_corporation,364,2023,10,5.228972390475821
"[""openai"",""gpt-4o""]","7. AI system safety, failures, and limitations",Human,Unintentional,regulated_corporation,regulated_corporation,364,2024,5,5.228972390475821
"[""bharatiya-janata-party-(bjp)"",""indian-national-congress-(inc)"",""prem-singh-tamang"",""y.-s.-jagan-mohan-reddy"",""ram-chandra-choudhary""]",5. Human-Computer Interaction,Human,Intentional,public_agency,unregulated_startup,101,2024,4,4.171149541837359
"[""openai"",""whisper"",""companies-using-whisper"",""organizations-integrating-whisper-into-customer-service-systems""]","7. AI system safety, failures, and limitations",AI,Unintentional,regulated_corporation,regulated_corporation,364,2024,2,5.228972390475821
"[""department-for-work-and-pensions-(dwp)""]",1. Discrimination and Toxicity,AI,Unintentional,public_agency,public_agency,101,2024,6,4.84361050004615
"[""department-for-work-and-pensions-(dwp)""]",1. Discrimination and Toxicity,AI,Unintentional,public_agency,public_agency,101,2024,7,4.84361050004615
"[""x-(twitter)"",""elon-musk""]",3. Misinformation,AI,Unintentional,freelancer_or_individual,open_source_community,53,2024,7,4.025291428589767
"[""cios"",""enterprise-teams"",""companies-in-general""]","7. AI system safety, failures, and limitations",AI,Unintentional,regulated_corporation,regulated_corporation,364,2024,6,5.228972390475821
"[""figma""]","7. AI system safety, failures, and limitations",AI,Unintentional,unregulated_startup,unregulated_startup,76,2024,7,3.774347910310237
"[""volkswagen-group-of-america""]","7. AI system safety, failures, and limitations",AI,Unintentional,regulated_corporation,regulated_corporation,364,2024,5,5.228972390475821
"[""spanish-law-enforcement-agencies"",""spanish-interior-ministry""]","7. AI system safety, failures, and limitations",AI,Unintentional,public_agency,public_agency,101,2024,7,4.5356481905260555
"[""paypal""]","7. AI system safety, failures, and limitations",AI,Unintentional,regulated_corporation,regulated_corporation,364,2024,6,5.228972390475821
"[""hoodline""]",3. Misinformation,Human,Intentional,unregulated_startup,unregulated_startup,76,2024,5,3.9026285632262434
"[""openai""]",3. Misinformation,AI,Unintentional,regulated_corporation,regulated_corporation,364,2024,7,5.358791362346466
"[""obitsupdate"",""bnn"",""the-thaiger"",""fresherslive""]",3. Misinformation,AI,Intentional,unregulated_startup,freelancer_or_individual,76,2024,7,4.193294640644457
"[""bnn-breaking""]",3. Misinformation,Human,Intentional,unregulated_startup,unregulated_startup,76,2024,6,3.9026285632262434
"[""verite-cachee-france"",""russian-linked-disinformation-network"",""pro-russian-influencers""]",3. Misinformation,Human,Intentional,unregulated_startup,freelancer_or_individual,76,2024,7,4.193294640644457
"[""openai""]",2. Privacy & Security,Human,Unintentional,regulated_corporation,regulated_corporation,364,2024,7,5.6231548999827705
"[""meta-platforms"",""instagram"",""facebook""]","7. AI system safety, failures, and limitations",AI,Unintentional,regulated_corporation,regulated_corporation,364,2023,9,5.228972390475821
"[""xai"",""x-(twitter)""]",3. Misinformation,AI,Unintentional,unregulated_startup,unregulated_startup,76,2024,7,3.9026285632262434
"[""xai""]",1. Discrimination and Toxicity,Human,Intentional,unregulated_startup,unregulated_startup,76,2024,8,4.079971702480274
"[""xai""]",3. Misinformation,AI,Unintentional,unregulated_startup,open_source_community,76,2024,8,4.289796516608509
"[""aaron-pelczar""]",3. Misinformation,Human,Intentional,freelancer_or_individual,unregulated_startup,53,2024,6,3.6804654842072715
"[""samsung-engineers""]",2. Privacy & Security,Human,Unintentional,regulated_corporation,regulated_corporation,364,2023,3,5.6231548999827705
"[""microsoft"",""microsoft-copilot""]",3. Misinformation,AI,Unintentional,regulated_corporation,regulated_corporation,364,2024,8,5.358791362346466
"[""charlotte-ingham"",""western-australia-department-of-justice""]",2. Privacy & Security,AI,Unintentional,freelancer_or_individual,regulated_corporation,53,2024,8,2.410796474580196
"[""xai"",""x-(twitter)"",""elon-musk""]",3. Misinformation,Human,Intentional,freelancer_or_individual,unregulated_startup,53,2024,9,3.6804654842072715
"[""lionsgate"",""eddie-egan""]",3. Misinformation,Human,Intentional,regulated_corporation,freelancer_or_individual,364,2024,8,4.401250136854233
"[""alexa-device-owners""]",3. Misinformation,AI,Unintentional,regulated_corporation,regulated_corporation,364,2024,9,5.358791362346466
"[""clearview-ai""]",2. Privacy & Security,Human,Intentional,unregulated_startup,unregulated_startup,76,2024,9,4.164408841230285
"[""espn"",""espn-generative-ai-services""]","7. AI system safety, failures, and limitations",AI,Unintentional,regulated_corporation,regulated_corporation,364,2024,9,5.228972390475821
"[""meta-platforms"",""instagram""]",1. Discrimination and Toxicity,AI,Unintentional,regulated_corporation,regulated_corporation,364,2024,6,5.537957874467922
"[""meta"",""facebook""]","7. AI system safety, failures, and limitations",AI,Unintentional,regulated_corporation,regulated_corporation,364,2024,6,5.228972390475821
"[""tiktok""]",1. Discrimination and Toxicity,Human,Unintentional,regulated_corporation,regulated_corporation,364,2024,6,5.537957874467922
"[""google"",""ai-overview""]","7. AI system safety, failures, and limitations",AI,Unintentional,regulated_corporation,regulated_corporation,364,2024,9,5.228972390475821
"[""waymo""]","7. AI system safety, failures, and limitations",AI,Unintentional,regulated_corporation,regulated_corporation,364,2024,8,5.228972390475821
"[""meta"",""facebook""]","7. AI system safety, failures, and limitations",AI,Unintentional,regulated_corporation,regulated_corporation,364,2024,6,5.228972390475821
"[""unknown-deepfake-detection-technology-developers"",""true-media"",""reality-defender""]",3. Misinformation,Human,Intentional,unregulated_startup,unregulated_startup,76,2024,9,3.9026285632262434
"[""meta"",""facebook""]",3. Misinformation,AI,Intentional,regulated_corporation,regulated_corporation,364,2024,5,5.358791362346466
"[""true-crime-case-files-youtube-channel""]",3. Misinformation,Human,Intentional,freelancer_or_individual,freelancer_or_individual,53,2024,7,3.9380146719268847
"[""department-of-families-fairness-and-housing"",""government-of-victoria"",""employee-of-department-of-families-fairness-and-housing""]",2. Privacy & Security,Human,Intentional,public_agency,regulated_corporation,101,2024,9,3.0708138411819426
"[""nevada-department-of-education""]",1. Discrimination and Toxicity,AI,Unintentional,public_agency,unregulated_startup,101,2024,10,4.504761472425569
"[""unknown-deepfake-creators""]",1. Discrimination and Toxicity,AI,Unintentional,freelancer_or_individual,freelancer_or_individual,53,2024,4,4.115440548748267
"[""unknown-ai-developers""]",1. Discrimination and Toxicity,AI,Unintentional,open_source_community,freelancer_or_individual,7,2024,7,2.315803758352656
"[""alex-bilzerian"",""unnamed-venture-capital-investors"",""employees"",""employers"",""companies"",""organizations""]",2. Privacy & Security,AI,Unintentional,freelancer_or_individual,regulated_corporation,53,2024,10,2.410796474580196
"[""starship-technologies""]","7. AI system safety, failures, and limitations",AI,Unintentional,unregulated_startup,unregulated_startup,76,2024,9,3.774347910310237
"[""character.ai""]",5. Human-Computer Interaction,Human,Unintentional,unregulated_startup,unregulated_startup,76,2024,10,3.748028230934884
"[""police-departments"",""evansville-pd"",""pflugerville-pd"",""jefferson-parish-sheriff's-office"",""miami-pd"",""west-new-york-pd"",""nypd"",""coral-springs-pd"",""arvada-pd""]","7. AI system safety, failures, and limitations",Human,Intentional,public_agency,unregulated_startup,101,2024,10,4.197622770164779
"[""west-new-york-pd"",""nypd"",""real-time-crime-center""]","7. AI system safety, failures, and limitations",Human,Unintentional,public_agency,unregulated_startup,101,2019,11,4.197622770164779
"[""unknown-deepfake-creators"",""partisan-social-media-influencers""]",3. Misinformation,Human,Intentional,freelancer_or_individual,freelancer_or_individual,53,2024,9,3.9380146719268847
"[""unknown-conference-employee""]",1. Discrimination and Toxicity,AI,Unintentional,freelancer_or_individual,freelancer_or_individual,53,2024,10,4.115440548748267
"[""baidu""]","7. AI system safety, failures, and limitations",AI,Unintentional,regulated_corporation,regulated_corporation,364,2024,7,5.228972390475821
"[""caisse-nationale-des-allocations-familiales-(cnaf)""]",1. Discrimination and Toxicity,AI,Intentional,public_agency,public_agency,101,2024,10,4.84361050004615
"[""global-intelligence"",""cybercheck""]","7. AI system safety, failures, and limitations",Human,Intentional,regulated_corporation,unregulated_startup,364,2024,5,0.3575483612357528
"[""hoodline-san-jose""]",3. Misinformation,AI,Unintentional,unregulated_startup,unregulated_startup,76,2024,10,3.9026285632262434
"[""sewell-setzer-iii""]",5. Human-Computer Interaction,AI,Unintentional,freelancer_or_individual,unregulated_startup,53,2024,2,3.5264740769893206
"[""openai""]","7. AI system safety, failures, and limitations",AI,Unintentional,regulated_corporation,regulated_corporation,364,2024,10,5.228972390475821
"[""government-of-argentina"",""government-of-buenos-aires"",""argentinean-ministry-of-security""]",2. Privacy & Security,AI,Unintentional,public_agency,public_agency,101,2024,2,4.928576575626765
"[""zara"",""pemex"",""lvmh"",""capita"",""companies-using-ai-based-accessibility-tools""]","7. AI system safety, failures, and limitations",AI,Unintentional,regulated_corporation,unregulated_startup,364,2024,4,0.3575483612357528
"[""new-york-city-government""]","7. AI system safety, failures, and limitations",AI,Unintentional,public_agency,unregulated_startup,101,2024,10,4.197622770164779
"[""yang-moumou"",""tian-mou"",""lou-moumou""]",3. Misinformation,Human,Intentional,freelancer_or_individual,unregulated_startup,53,2024,8,3.6804654842072715
"[""zhu-mou"",""zhou-moumou"",""zhang-moumou"",""yang-moumou"",""wang-mou"",""shang-moumou"",""luo-moumou"",""liu-mou"",""ji-moumou"",""chen-mou""]",3. Misinformation,Human,Intentional,freelancer_or_individual,unregulated_startup,53,2024,7,3.6804654842072715
"[""anonymous-x-user"",""james-woods""]",3. Misinformation,Human,Intentional,freelancer_or_individual,freelancer_or_individual,53,2024,11,3.9380146719268847
"[""microsoft-copilot"",""microsoft""]",3. Misinformation,AI,Unintentional,regulated_corporation,regulated_corporation,364,2024,4,5.358791362346466
"[""ecovacs-deebot-x2"",""ecovacs""]",2. Privacy & Security,Human,Intentional,regulated_corporation,regulated_corporation,364,2024,5,5.6231548999827705
"[""hingham-high-school-students"",""hingham-high-school-student-rnh""]",5. Human-Computer Interaction,Human,Intentional,academic_lab,regulated_corporation,32,2024,11,2.193142240551913
"[""landlords""]",1. Discrimination and Toxicity,AI,Unintentional,freelancer_or_individual,unregulated_startup,53,2022,5,3.8572164013887784
"[""gemini""]",1. Discrimination and Toxicity,AI,Unintentional,regulated_corporation,regulated_corporation,364,2024,11,5.537957874467922
"[""saint-petersburg-government""]","7. AI system safety, failures, and limitations",AI,Unintentional,public_agency,regulated_corporation,101,2024,4,2.6913348121172347
"[""central-methodist-university"",""berkeley-college"",""universities"",""colleges""]","7. AI system safety, failures, and limitations",AI,Unintentional,academic_lab,regulated_corporation,32,2024,10,2.217798280669042
"[""character.ai-users"",""@sunsetbaneberry983"",""@jasperhorehound160""]",1. Discrimination and Toxicity,Human,Intentional,freelancer_or_individual,unregulated_startup,53,2024,10,3.8572164013887784
"[""jeff-hancock""]",3. Misinformation,Human,Unintentional,freelancer_or_individual,regulated_corporation,53,2024,11,2.1649417315096406
"[""waymo""]","7. AI system safety, failures, and limitations",AI,Unintentional,regulated_corporation,regulated_corporation,364,2024,2,5.228972390475821
"[""waymo""]",5. Human-Computer Interaction,AI,Unintentional,regulated_corporation,regulated_corporation,364,2024,9,5.202311628313143
"[""openai"",""chatgpt-users""]","7. AI system safety, failures, and limitations",AI,Unintentional,regulated_corporation,regulated_corporation,364,2024,11,5.228972390475821
"[""unknown-deepfake-creators""]",3. Misinformation,Human,Intentional,freelancer_or_individual,freelancer_or_individual,53,2024,9,3.9380146719268847
"[""google""]","7. AI system safety, failures, and limitations",AI,Unintentional,regulated_corporation,regulated_corporation,364,2024,11,5.228972390475821
"[""dutch-police""]","7. AI system safety, failures, and limitations",AI,Unintentional,public_agency,unregulated_startup,101,2023,10,4.197622770164779
"[""apple""]",3. Misinformation,AI,Unintentional,regulated_corporation,regulated_corporation,364,2024,12,5.358791362346466
"[""character.ai""]",5. Human-Computer Interaction,AI,Unintentional,unregulated_startup,unregulated_startup,76,2024,12,3.748028230934884
"[""unknown-reviewers""]",3. Misinformation,Human,Intentional,open_source_community,regulated_corporation,7,2024,10,1.084197814481587
"[""portland-water-bureau""]","7. AI system safety, failures, and limitations",AI,Unintentional,public_agency,public_agency,101,2024,10,4.5356481905260555
"[""tiktok""]",1. Discrimination and Toxicity,AI,Unintentional,regulated_corporation,regulated_corporation,364,2024,11,5.537957874467922
"[""youtube"",""google""]",1. Discrimination and Toxicity,AI,Unintentional,regulated_corporation,regulated_corporation,364,2024,12,5.537957874467922
"[""unknown-actors-in-china""]",3. Misinformation,Human,Intentional,freelancer_or_individual,freelancer_or_individual,53,2023,12,3.9380146719268847
